Istasyon_No,Istasyon_Adi,YIL,AY,ORTALAMA_SICAKLIK_°C
8364,SERIK,1972,1,7.3
8364,SERIK,1972,2,8.1
8364,SERIK,1972,3,12.4
8364,SERIK,1972,4,17.0
8364,SERIK,1972,5,20.2
8364,SERIK,1972,6,25.1
8364,SERIK,1972,8,27.3
8364,SERIK,1972,9,24.3
8364,SERIK,1972,10,19.0
8364,SERIK,1972,11,13.6
8364,SERIK,1972,12,8.8
8364,SERIK,1972,13,16.7
8364,SERIK,1973,1,8.4
8364,SERIK,1973,2,11.3
8364,SERIK,1973,3,11.9
8364,SERIK,1973,4,15.6
8364,SERIK,1973,5,21.9
8364,SERIK,1973,6,25.3
8364,SERIK,1973,7,27.5
8364,SERIK,1973,8,26.7
8364,SERIK,1973,9,24.9
8364,SERIK,1973,10,19.7
8364,SERIK,1973,11,12.9
8364,SERIK,1973,12,11.4
8364,SERIK,1973,13,18.2
8364,SERIK,1974,1,6.9
8364,SERIK,1974,2,10.7
8364,SERIK,1974,3,14.1
8364,SERIK,1974,4,15.4
8364,SERIK,1974,5,19.9
8364,SERIK,1974,6,25.4
8364,SERIK,1974,7,29.6
8364,SERIK,1974,8,27.1
8364,SERIK,1974,9,23.8
8364,SERIK,1974,10,20.3
8364,SERIK,1974,11,14.4
8364,SERIK,1974,12,9.9
8364,SERIK,1974,13,18.2
8364,SERIK,1975,1,9.3
8364,SERIK,1975,2,9.4
8364,SERIK,1975,3,13.1
8364,SERIK,1975,4,17.5
8364,SERIK,1975,5,20.1
8364,SERIK,1975,6,24.9
8364,SERIK,1975,7,28.0
8364,SERIK,1975,8,26.8
8364,SERIK,1975,9,24.6
8364,SERIK,1975,10,18.7
8364,SERIK,1975,11,13.4
8364,SERIK,1975,12,9.5
8364,SERIK,1975,13,18.0
8364,SERIK,1976,1,9.4
8364,SERIK,1976,2,7.9
8364,SERIK,1976,3,12.5
8364,SERIK,1976,4,16.0
8364,SERIK,1976,5,20.5
8364,SERIK,1976,6,24.5
8364,SERIK,1976,7,26.8
8364,SERIK,1976,8,26.7
8364,SERIK,1976,9,22.6
8364,SERIK,1976,10,19.1
8364,SERIK,1976,11,14.4
8364,SERIK,1976,12,11.5
8364,SERIK,1976,13,17.7
8364,SERIK,1977,1,8.8
8364,SERIK,1977,2,11.5
8364,SERIK,1977,3,12.5
8364,SERIK,1977,4,16.2
8364,SERIK,1977,5,21.4
8364,SERIK,1977,6,25.4
8364,SERIK,1977,7,29.5
8364,SERIK,1977,8,27.8
8364,SERIK,1977,9,24.1
8364,SERIK,1977,10,17.2
8364,SERIK,1977,11,15.3
8364,SERIK,1977,12,9.4
8364,SERIK,1977,13,18.3
8364,SERIK,1978,1,10.8
8364,SERIK,1978,2,11.5
8364,SERIK,1978,3,12.8
8364,SERIK,1978,4,15.8
8364,SERIK,1978,5,21.4
8364,SERIK,1978,6,26.2
8364,SERIK,1978,7,29.8
8364,SERIK,1978,8,27.3
8364,SERIK,1978,9,23.5
8364,SERIK,1978,10,19.4
8364,SERIK,1978,11,12.9
8364,SERIK,1978,12,11.6
8364,SERIK,1978,13,18.6
8364,SERIK,1979,1,10.7
8364,SERIK,1979,2,11.9
8364,SERIK,1979,3,13.1
8364,SERIK,1979,4,15.9
8364,SERIK,1979,5,20.3
8364,SERIK,1979,6,26.4
8364,SERIK,1979,7,28.2
8364,SERIK,1979,8,27.2
8364,SERIK,1979,9,25.5
8364,SERIK,1979,10,20.2
8364,SERIK,1979,11,15.2
8364,SERIK,1979,12,11.0
8364,SERIK,1979,13,18.8
8364,SERIK,1980,1,8.8
8364,SERIK,1980,2,9.2
8364,SERIK,1980,3,11.7
8364,SERIK,1980,4,15.4
8364,SERIK,1980,5,19.4
8364,SERIK,1980,6,25.1
8364,SERIK,1980,7,28.0
8364,SERIK,1980,8,28.3
8364,SERIK,1980,9,23.5
8364,SERIK,1980,10,19.4
8364,SERIK,1980,11,15.3
8364,SERIK,1980,12,11.4
8364,SERIK,1980,13,18.0
8364,SERIK,1981,1,9.8
8364,SERIK,1981,2,10.1
8364,SERIK,1981,3,13.9
8364,SERIK,1981,4,16.8
8364,SERIK,1981,5,19.4
8364,SERIK,1981,6,26.8
8364,SERIK,1981,7,28.7
8364,SERIK,1981,8,28.5
8364,SERIK,1981,9,24.5
8364,SERIK,1981,10,20.8
8364,SERIK,1981,11,12.9
8364,SERIK,1981,12,13.2
8364,SERIK,1981,13,18.8
8364,SERIK,1982,1,10.6
8364,SERIK,1982,2,8.5
8364,SERIK,1982,3,11.2
8364,SERIK,1982,4,16.1
8364,SERIK,1982,5,21.0
8364,SERIK,1982,6,24.7
8364,SERIK,1982,7,27.3
8364,SERIK,1982,8,27.5
8364,SERIK,1982,9,25.3
8364,SERIK,1982,10,19.3
8364,SERIK,1982,11,12.3
8364,SERIK,1982,12,10.1
8364,SERIK,1982,13,17.9
8364,SERIK,1983,1,6.8
8364,SERIK,1983,2,8.2
8364,SERIK,1983,3,11.2
8364,SERIK,1983,4,16.1
8364,SERIK,1983,5,21.5
8364,SERIK,1983,6,24.8
8364,SERIK,1983,7,27.8
8364,SERIK,1983,8,26.9
8364,SERIK,1983,9,23.8
8364,SERIK,1983,10,17.9
8364,SERIK,1983,11,15.7
8364,SERIK,1983,12,11.6
8364,SERIK,1983,13,17.8
8364,SERIK,1984,1,10.9
8364,SERIK,1984,2,11.2
8364,SERIK,1984,3,12.5
8364,SERIK,1984,4,15.2
8364,SERIK,1984,5,21.3
8364,SERIK,1984,6,25.3
8364,SERIK,1984,7,28.3
8364,SERIK,1984,8,26.7
8364,SERIK,1984,9,23.8
8364,SERIK,1984,10,18.8
8364,SERIK,1984,11,13.8
8364,SERIK,1984,12,8.8
8364,SERIK,1984,13,18.1
8364,SERIK,1985,1,11.5
8364,SERIK,1985,2,7.6
8364,SERIK,1985,3,11.8
8364,SERIK,1985,4,16.2
8364,SERIK,1985,5,22.0
8364,SERIK,1985,6,25.8
8364,SERIK,1985,7,29.5
8364,SERIK,1985,8,28.7
8364,SERIK,1985,9,25.6
8364,SERIK,1985,10,18.5
8364,SERIK,1985,11,16.2
8364,SERIK,1985,12,11.3
8364,SERIK,1985,13,18.8
8364,SERIK,1986,1,10.8
8364,SERIK,1986,2,11.6
8364,SERIK,1986,3,13.9
8364,SERIK,1986,4,18.6
8364,SERIK,1986,5,21.0
8364,SERIK,1986,6,26.2
8364,SERIK,1986,7,28.5
8364,SERIK,1986,8,28.3
8364,SERIK,1986,9,25.9
8364,SERIK,1986,10,20.1
8364,SERIK,1986,11,13.3
8364,SERIK,1986,12,10.5
8364,SERIK,1986,13,19.1
8364,SERIK,1990,1,7.9
8364,SERIK,1990,2,10.5
8364,SERIK,1990,3,13.8
8364,SERIK,1990,4,16.6
8364,SERIK,1990,5,21.5
8364,SERIK,1990,6,26.0
8364,SERIK,1990,7,28.8
8364,SERIK,1990,8,28.1
8364,SERIK,1990,9,24.2
8364,SERIK,1990,10,20.8
8364,SERIK,1990,11,15.6
8364,SERIK,1990,12,12.1
8364,SERIK,1990,13,18.9
8364,SERIK,1991,1,9.2
8364,SERIK,1991,2,9.8
8364,SERIK,1991,3,14.1
8364,SERIK,1991,4,16.9
8364,SERIK,1991,5,19.7
8364,SERIK,1991,6,25.8
8364,SERIK,1991,7,28.1
8364,SERIK,1991,8,27.9
8364,SERIK,1991,9,25.3
8364,SERIK,1991,10,21.0
8364,SERIK,1991,11,14.6
8364,SERIK,1991,12,9.1
8364,SERIK,1991,13,18.5
8364,SERIK,1992,1,8.4
8364,SERIK,1992,2,7.2
8364,SERIK,1992,3,11.3
8364,SERIK,1992,4,15.8
8364,SERIK,1992,5,19.9
8364,SERIK,1992,6,24.8
8364,SERIK,1992,7,27.7
8364,SERIK,1992,8,29.2
8364,SERIK,1992,9,25.1
8364,SERIK,1992,10,20.9
8364,SERIK,1992,11,14.7
8364,SERIK,1992,12,8.6
8364,SERIK,1992,13,17.8
8364,SERIK,1993,1,8.5
8364,SERIK,1993,2,8.8
8364,SERIK,1993,3,12.0
8364,SERIK,1993,4,16.1
8364,SERIK,1993,5,19.1
8364,SERIK,1993,6,25.9
8364,SERIK,1993,7,29.3
8364,SERIK,1993,8,29.1
8364,SERIK,1993,9,25.0
8364,SERIK,1993,10,22.6
8364,SERIK,1993,11,13.6
8364,SERIK,1993,12,12.8
8364,SERIK,1993,13,18.6
8364,SERIK,1994,1,11.7
8364,SERIK,1994,2,10.6
8364,SERIK,1994,3,13.0
8364,SERIK,1994,4,17.8
8364,SERIK,1994,5,21.9
8364,SERIK,1994,6,26.6
8364,SERIK,1994,7,28.2
8364,SERIK,1994,8,29.4
8364,SERIK,1994,9,27.5
8364,SERIK,1994,10,22.0
8364,SERIK,1994,11,13.9
8364,SERIK,1994,12,10.1
8364,SERIK,1994,13,19.4
8364,SERIK,1995,1,11.1
8364,SERIK,1995,2,12.0
8364,SERIK,1995,3,13.2
8364,SERIK,1995,4,15.8
8364,SERIK,1995,5,21.5
8364,SERIK,1995,6,26.6
8364,SERIK,1995,7,29.9
8364,SERIK,1995,8,29.0
8364,SERIK,1995,9,25.6
8364,SERIK,1995,10,19.5
8364,SERIK,1995,11,12.6
8364,SERIK,1995,12,11.5
8364,SERIK,1995,13,19.1
8364,SERIK,1996,1,9.2
8364,SERIK,1996,2,11.6
8364,SERIK,1996,3,12.2
8364,SERIK,1996,4,15.4
8364,SERIK,1996,5,22.7
8364,SERIK,1996,6,27.6
8364,SERIK,1996,7,29.1
8364,SERIK,1996,8,28.4
8364,SERIK,1996,9,24.7
8364,SERIK,1996,10,18.8
8364,SERIK,1996,11,16.3
8364,SERIK,1996,12,13.3
8364,SERIK,1996,13,19.1
8364,SERIK,1997,1,11.2
8364,SERIK,1997,2,9.8
8364,SERIK,1997,3,11.5
8364,SERIK,1997,4,14.0
8364,SERIK,1997,5,21.6
8364,SERIK,1997,6,25.9
8364,SERIK,1997,7,29.8
8364,SERIK,1997,8,27.0
8364,SERIK,1997,9,24.3
8364,SERIK,1997,10,19.5
8364,SERIK,1997,11,15.4
8364,SERIK,1997,12,12.3
8364,SERIK,1997,13,18.6
8713,KEMER ANTALYA,1972,1,8.7
8713,KEMER ANTALYA,1972,2,9.3
8713,KEMER ANTALYA,1972,3,13.0
8713,KEMER ANTALYA,1972,4,17.1
8713,KEMER ANTALYA,1972,5,20.5
8713,KEMER ANTALYA,1972,6,25.3
8713,KEMER ANTALYA,1972,7,26.9
8713,KEMER ANTALYA,1972,8,27.9
8713,KEMER ANTALYA,1972,9,25.3
8713,KEMER ANTALYA,1972,10,19.9
8713,KEMER ANTALYA,1972,11,14.6
8713,KEMER ANTALYA,1972,12,10.5
8713,KEMER ANTALYA,1972,13,18.3
8713,KEMER ANTALYA,1973,1,9.4
8713,KEMER ANTALYA,1973,2,11.3
8713,KEMER ANTALYA,1973,3,12.6
8713,KEMER ANTALYA,1973,4,16.1
8713,KEMER ANTALYA,1973,5,22.4
8713,KEMER ANTALYA,1973,6,26.0
8713,KEMER ANTALYA,1973,7,29.0
8713,KEMER ANTALYA,1973,8,28.9
8713,KEMER ANTALYA,1973,9,26.7
8713,KEMER ANTALYA,1973,10,21.1
8713,KEMER ANTALYA,1973,11,13.6
8713,KEMER ANTALYA,1973,12,12.1
8713,KEMER ANTALYA,1973,13,19.2
8713,KEMER ANTALYA,1974,1,8.5
8713,KEMER ANTALYA,1974,2,10.6
8713,KEMER ANTALYA,1974,3,14.0
8713,KEMER ANTALYA,1974,4,15.7
8713,KEMER ANTALYA,1974,5,20.6
8713,KEMER ANTALYA,1974,6,25.4
8713,KEMER ANTALYA,1974,7,30.3
8713,KEMER ANTALYA,1974,8,28.3
8713,KEMER ANTALYA,1974,9,25.2
8713,KEMER ANTALYA,1974,10,21.5
8713,KEMER ANTALYA,1974,11,15.4
8713,KEMER ANTALYA,1974,12,10.9
8713,KEMER ANTALYA,1974,13,18.9
8713,KEMER ANTALYA,1975,1,9.9
8713,KEMER ANTALYA,1975,2,9.6
8713,KEMER ANTALYA,1975,3,13.4
8713,KEMER ANTALYA,1975,4,17.9
8713,KEMER ANTALYA,1975,5,20.3
8713,KEMER ANTALYA,1975,6,25.5
8713,KEMER ANTALYA,1975,7,28.6
8713,KEMER ANTALYA,1975,8,27.7
8713,KEMER ANTALYA,1975,9,25.7
8713,KEMER ANTALYA,1975,10,19.6
8713,KEMER ANTALYA,1975,11,14.4
8713,KEMER ANTALYA,1975,12,10.4
8713,KEMER ANTALYA,1975,13,18.6
8713,KEMER ANTALYA,1976,1,9.4
8713,KEMER ANTALYA,1976,2,8.4
8713,KEMER ANTALYA,1976,3,12.4
8713,KEMER ANTALYA,1976,4,16.2
8713,KEMER,1976,5,21.3
8713,KEMER ANTALYA,1976,6,25.7
8713,KEMER ANTALYA,1976,7,27.7
8713,KEMER ANTALYA,1976,8,27.7
8713,KEMER ANTALYA,1976,9,24.0
8713,KEMER ANTALYA,1976,10,20.2
8713,KEMER ANTALYA,1976,11,15.6
8713,KEMER ANTALYA,1976,12,11.7
8713,KEMER ANTALYA,1976,13,18.4
8713,KEMER ANTALYA,1977,1,9.3
8713,KEMER ANTALYA,1977,2,11.6
8713,KEMER ANTALYA,1977,3,12.7
8713,KEMER ANTALYA,1977,4,16.8
8713,KEMER ANTALYA,1977,5,21.9
8713,KEMER ANTALYA,1977,6,26.4
8713,KEMER ANTALYA,1977,7,30.1
8713,KEMER ANTALYA,1977,8,29.1
8713,KEMER ANTALYA,1977,9,25.3
8713,KEMER ANTALYA,1977,10,18.4
8713,KEMER ANTALYA,1977,11,15.8
8713,KEMER ANTALYA,1977,12,10.7
8713,KEMER ANTALYA,1977,13,19.0
8713,KEMER ANTALYA,1978,1,10.8
8713,KEMER ANTALYA,1978,2,11.3
8713,KEMER ANTALYA,1978,3,12.8
8713,KEMER ANTALYA,1978,4,15.9
8713,KEMER ANTALYA,1978,5,22.0
8713,KEMER ANTALYA,1978,6,26.5
8713,KEMER ANTALYA,1978,7,30.2
8713,KEMER ANTALYA,1978,8,28.2
8713,KEMER ANTALYA,1978,9,23.8
8713,KEMER ANTALYA,1978,10,20.0
8713,KEMER ANTALYA,1978,11,13.8
8713,KEMER ANTALYA,1978,12,11.6
8713,KEMER ANTALYA,1978,13,19.0
8713,KEMER ANTALYA,1979,1,10.4
8713,KEMER ANTALYA,1979,2,11.9
8713,KEMER ANTALYA,1979,3,13.4
8713,KEMER ANTALYA,1979,4,16.6
8713,KEMER ANTALYA,1979,5,20.6
8713,KEMER ANTALYA,1979,6,27.1
8713,KEMER ANTALYA,1979,7,28.4
8713,KEMER ANTALYA,1979,8,28.1
8713,KEMER ANTALYA,1979,9,25.7
8713,KEMER ANTALYA,1979,10,20.6
8713,KEMER ANTALYA,1979,11,15.7
8713,KEMER ANTALYA,1979,12,11.9
8713,KEMER ANTALYA,1979,13,19.2
8713,KEMER ANTALYA,1980,1,9.5
8713,KEMER ANTALYA,1980,2,9.7
8713,KEMER ANTALYA,1980,3,11.5
8713,KEMER ANTALYA,1980,4,16.1
8713,KEMER ANTALYA,1980,5,19.4
8713,KEMER ANTALYA,1980,6,25.6
8713,KEMER ANTALYA,1980,7,28.4
8713,KEMER ANTALYA,1980,8,28.8
8713,KEMER ANTALYA,1980,9,24.4
8713,KEMER ANTALYA,1980,10,20.1
8713,KEMER ANTALYA,1980,11,15.8
8713,KEMER ANTALYA,1980,12,12.3
8713,KEMER ANTALYA,1980,13,18.5
8713,KEMER ANTALYA,1981,1,9.6
8713,KEMER ANTALYA,1981,2,10.0
8713,KEMER ANTALYA,1981,3,13.6
8713,KEMER ANTALYA,1981,4,16.9
8713,KEMER ANTALYA,1981,5,19.8
8713,KEMER ANTALYA,1981,6,26.7
8713,KEMER ANTALYA,1981,7,28.8
8713,KEMER ANTALYA,1981,8,29.0
8713,KEMER ANTALYA,1981,9,25.2
8713,KEMER ANTALYA,1981,10,20.7
8713,KEMER,1981,11,13.8
8713,KEMER ANTALYA,1985,1,11.3
8713,KEMER ANTALYA,1985,2,8.4
8713,KEMER ANTALYA,1985,3,12.0
8713,KEMER ANTALYA,1985,4,16.6
8713,KEMER ANTALYA,1985,5,21.9
8713,KEMER ANTALYA,1985,6,26.0
8713,KEMER ANTALYA,1985,7,29.1
8713,KEMER ANTALYA,1985,8,29.3
8713,KEMER ANTALYA,1985,9,25.8
8713,KEMER ANTALYA,1985,10,18.4
8713,KEMER ANTALYA,1985,11,16.2
8713,KEMER ANTALYA,1985,12,11.8
8713,KEMER ANTALYA,1985,13,19.0
8713,KEMER ANTALYA,1986,1,10.7
8713,KEMER ANTALYA,1986,2,10.9
8713,KEMER ANTALYA,1986,3,13.4
8713,KEMER ANTALYA,1986,4,18.9
8713,KEMER ANTALYA,1986,5,20.9
8713,KEMER ANTALYA,1986,6,26.2
8713,KEMER ANTALYA,1986,7,28.9
8713,KEMER ANTALYA,1986,8,28.7
8713,KEMER ANTALYA,1986,9,25.8
8713,KEMER ANTALYA,1986,10,19.6
8713,KEMER ANTALYA,1986,11,13.7
8713,KEMER ANTALYA,1986,12,10.6
8713,KEMER ANTALYA,1986,13,19.1
8713,KEMER ANTALYA,1987,1,11.0
8713,KEMER ANTALYA,1987,2,11.6
8713,KEMER ANTALYA,1987,3,9.4
8713,KEMER ANTALYA,1987,4,14.5
8713,KEMER ANTALYA,1987,5,19.4
8713,KEMER ANTALYA,1987,6,25.5
8713,KEMER ANTALYA,1987,7,29.5
8713,KEMER ANTALYA,1987,8,29.1
8713,KEMER ANTALYA,1987,9,26.1
8713,KEMER ANTALYA,1987,10,20.2
8713,KEMER ANTALYA,1987,11,14.4
8713,KEMER ANTALYA,1987,12,11.7
8713,KEMER ANTALYA,1987,13,18.6
8713,KEMER ANTALYA,1988,1,10.6
8713,KEMER ANTALYA,1988,2,10.4
8713,KEMER ANTALYA,1988,3,11.0
8713,KEMER ANTALYA,1988,4,16.4
8713,KEMER ANTALYA,1988,5,21.8
8713,KEMER ANTALYA,1988,6,26.2
8713,KEMER ANTALYA,1988,7,31.0
8713,KEMER ANTALYA,1988,8,30.0
8713,KEMER ANTALYA,1988,9,26.0
8713,KEMER ANTALYA,1988,10,19.4
8713,KEMER ANTALYA,1988,11,12.7
8713,KEMER ANTALYA,1988,12,11.3
8713,KEMER ANTALYA,1988,13,18.9
8713,KEMER ANTALYA,1989,1,8.1
8713,KEMER ANTALYA,1989,2,9.5
8713,KEMER ANTALYA,1989,3,13.2
8713,KEMER ANTALYA,1989,4,18.7
8713,KEMER ANTALYA,1989,5,22.8
8713,KEMER ANTALYA,1989,6,25.3
8713,KEMER ANTALYA,1989,7,29.8
8713,KEMER ANTALYA,1989,8,28.8
8713,KEMER ANTALYA,1989,9,26.4
17304,KONYAALTI,2013,9,25.8
17304,KONYAALTI,2013,10,20.5
17304,KONYAALTI,2013,11,17.2
17304,KONYAALTI,2013,12,10.9
17304,KONYAALTI,2014,1,12.1
17304,KONYAALTI,2014,2,12.7
17304,KONYAALTI,2014,3,14.5
17304,KONYAALTI,2014,4,17.0
17304,KONYAALTI,2014,5,20.3
17304,KONYAALTI,2014,6,25.4
17304,KONYAALTI,2014,7,27.7
17304,KONYAALTI,2014,8,29.2
17304,KONYAALTI,2014,9,25.9
17304,KONYAALTI,2014,10,21.5
17304,KONYAALTI,2014,11,16.0
17304,KONYAALTI,2014,12,14.2
17304,KONYAALTI,2014,13,19.7
17304,KONYAALTI,2015,1,10.7
17304,KONYAALTI,2015,2,12.0
17304,KONYAALTI,2015,3,14.2
17304,KONYAALTI,2015,4,16.1
17304,KONYAALTI,2015,5,21.4
17304,KONYAALTI,2015,6,24.7
17304,KONYAALTI,2015,7,28.8
17304,KONYAALTI,2015,8,29.8
17304,KONYAALTI,2015,9,26.5
17304,KONYAALTI,2015,10,22.5
17304,KONYAALTI,2015,11,17.8
17304,KONYAALTI,2015,12,12.5
17304,KONYAALTI,2015,13,19.7
17304,KONYAALTI,2016,1,10.6
17304,KONYAALTI,2016,2,14.4
17304,KONYAALTI,2016,3,15.3
17304,KONYAALTI,2016,4,19.1
17304,KONYAALTI,2016,5,20.9
17304,KONYAALTI,2016,6,26.9
17304,KONYAALTI,2016,7,29.8
17304,KONYAALTI,2016,8,29.5
17304,KONYAALTI,2016,9,26.1
17304,KONYAALTI,2016,10,22.7
17304,KONYAALTI,2016,11,16.7
17304,KONYAALTI,2016,12,10.6
17304,KONYAALTI,2016,13,20.3
17304,KONYAALTI,2017,1,9.4
17304,KONYAALTI,2017,2,11.6
17304,KONYAALTI,2017,3,14.2
17304,KONYAALTI,2017,4,17.1
17304,KONYAALTI,2017,5,21.0
17304,KONYAALTI,2017,6,26.2
17304,KONYAALTI,2017,7,30.2
17304,KONYAALTI,2017,8,28.9
17304,KONYAALTI,2017,9,26.2
17304,KONYAALTI,2017,10,21.5
17304,KONYAALTI,2017,11,15.8
17304,KONYAALTI,2017,12,13.3
17304,KONYAALTI,2017,13,19.7
17304,KONYAALTI,2018,1,12.1
17304,KONYAALTI,2018,2,13.9
17304,KONYAALTI,2018,3,15.9
17304,KONYAALTI,2018,4,19.1
17304,KONYAALTI,2018,5,23.0
17304,KONYAALTI,2018,6,25.6
17304,KONYAALTI,2018,7,29.4
17304,KONYAALTI,2018,8,29.0
17304,KONYAALTI,2018,9,27.4
17304,KONYAALTI,2018,10,22.0
17304,KONYAALTI,2018,11,17.5
17304,KONYAALTI,2018,12,12.5
17304,KONYAALTI,2018,13,20.6
17304,KONYAALTI,2019,1,10.5
17304,KONYAALTI,2019,2,12.4
17304,KONYAALTI,2019,3,14.4
17304,KONYAALTI,2019,4,16.4
17304,KONYAALTI,2019,5,21.0
17304,KONYAALTI,2019,6,25.7
17304,KONYAALTI,2019,7,28.5
17304,KONYAALTI,2019,8,29.8
17304,KONYAALTI,2019,9,26.6
17304,KONYAALTI,2019,10,23.8
17304,KONYAALTI,2019,11,18.2
17304,KONYAALTI,2019,12,13.6
17304,KONYAALTI,2019,13,20.1
17304,KONYAALTI,2020,1,11.6
17304,KONYAALTI,2020,2,12.1
17304,KONYAALTI,2020,3,14.6
17304,KONYAALTI,2020,4,17.1
17304,KONYAALTI,2020,5,21.7
17304,KONYAALTI,2020,6,23.6
17304,KONYAALTI,2020,7,29.0
17304,KONYAALTI,2020,8,29.2
17304,KONYAALTI,2020,9,28.4
17304,KONYAALTI,2020,10,23.5
17304,KONYAALTI,2020,11,18.0
17304,KONYAALTI,2020,12,14.4
17304,KONYAALTI,2020,13,20.3
17304,KONYAALTI,2021,1,12.3
17304,KONYAALTI,2021,2,13.3
17304,KONYAALTI,2021,3,13.7
17304,KONYAALTI,2021,4,17.1
17304,KONYAALTI,2021,5,22.7
17304,KONYAALTI,2021,6,25.2
17304,KONYAALTI,2021,7,30.6
17304,KONYAALTI,2021,8,30.7
17304,KONYAALTI,2021,9,26.2
17304,KONYAALTI,2021,10,22.0
17304,KONYAALTI,2021,11,18.4
17304,KONYAALTI,2021,12,12.8
17304,KONYAALTI,2021,13,20.5
17304,KONYAALTI,2022,1,10.6
17304,KONYAALTI,2022,2,12.7
17304,KONYAALTI,2022,3,12.4
17304,KONYAALTI,2022,4,17.7
17304,KONYAALTI,2022,5,21.6
17304,KONYAALTI,2022,6,25.3
17304,KONYAALTI,2022,7,28.8
17304,KONYAALTI,2022,8,27.3
17304,KONYAALTI,2022,9,25.6
17304,KONYAALTI,2022,10,22.7
17304,KONYAALTI,2022,11,18.1
17304,KONYAALTI,2022,12,15.3
17304,KONYAALTI,2022,13,20.2
17304,KONYAALTI,2023,1,13.3
17304,KONYAALTI,2023,2,11.9
17304,KONYAALTI,2023,3,15.7
17304,KONYAALTI,2023,4,16.8
17304,KONYAALTI,2023,5,20.1
17304,KONYAALTI,2023,6,24.2
17304,KONYAALTI,2023,7,30.1
17304,KONYAALTI,2023,8,27.8
17304,KONYAALTI,2023,9,26.7
17304,KONYAALTI,2023,10,23.4
17304,KONYAALTI,2023,11,19.6
17304,KONYAALTI,2023,12,16.1
17304,KONYAALTI,2023,13,20.6
17304,KONYAALTI,2024,1,17.1
17304,KONYAALTI,2024,6,27.2
17304,KONYAALTI,2024,7,28.7
17304,KONYAALTI,2024,8,27.7
17304,KONYAALTI,2024,9,25.8
17304,KONYAALTI,2024,10,23.9
17304,KONYAALTI,2024,11,19.3
17304,KONYAALTI,2024,12,13.8
17304,KONYAALTI,2025,1,13.0
17304,KONYAALTI,2025,2,13.1
17926,KORKUTELİ,1968,7,23.0
17926,KORKUTELİ,1968,8,21.2
17926,KORKUTELİ,1968,9,17.0
17926,KORKUTELİ,1968,10,12.5
17926,KORKUTELİ,1968,11,8.2
17926,KORKUTELİ,1968,12,4.5
17926,KORKUTELİ,1969,1,1.5
17926,KORKUTELİ,1969,2,4.1
17926,KORKUTELİ,1969,3,6.5
17926,KORKUTELİ,1969,4,7.5
17926,KORKUTELİ,1969,5,16.4
17926,KORKUTELİ,1969,6,20.3
17926,KORKUTELİ,1969,7,21.8
17926,KORKUTELİ,1969,8,22.9
17926,KORKUTELİ,1969,9,19.4
17926,KORKUTELİ,1969,10,12.8
17926,KORKUTELİ,1969,11,8.0
17926,KORKUTELİ,1969,12,4.5
17926,KORKUTELİ,1969,13,12.2
17926,KORKUTELİ,1970,1,3.7
17926,KORKUTELİ,1970,2,4.8
17926,KORKUTELİ,1970,3,7.6
17926,KORKUTELİ,1970,4,12.2
17926,KORKUTELİ,1970,5,13.8
17926,KORKUTELİ,1970,6,20.8
17926,KORKUTELİ,1970,7,22.9
17926,KORKUTELİ,1970,8,23.4
17926,KORKUTELİ,1970,9,18.6
17926,KORKUTELİ,1970,10,11.5
17926,KORKUTELİ,1970,11,8.7
17926,KORKUTELİ,1970,12,2.5
17926,KORKUTELİ,1970,13,12.8
17926,KORKUTELİ,1971,1,5.4
17926,KORKUTELİ,1971,2,3.1
17926,KORKUTELİ,1971,3,6.0
17926,KORKUTELİ,1971,4,9.4
17926,KORKUTELİ,1971,5,15.3
17926,KORKUTELİ,1971,6,20.2
17926,KORKUTELİ,1971,7,22.2
17926,KORKUTELİ,1971,8,22.1
17926,KORKUTELİ,1971,9,19.0
17926,KORKUTELİ,1971,10,12.2
17926,KORKUTELİ,1971,11,7.9
17926,KORKUTELİ,1971,12,2.8
17926,KORKUTELİ,1971,13,12.2
17926,KORKUTELİ,1972,1,0.9
17926,KORKUTELİ,1972,2,1.8
17926,KORKUTELİ,1972,3,6.8
17926,KORKUTELİ,1972,4,11.8
17926,KORKUTELİ,1972,5,14.9
17926,KORKUTELİ,1972,6,19.7
17926,KORKUTELİ,1972,7,21.7
17926,KORKUTELİ,1972,8,21.9
17926,KORKUTELİ,1972,9,19.2
17926,KORKUTELİ,1972,10,12.8
17926,KORKUTELİ,1972,11,6.7
17926,KORKUTELİ,1972,12,2.5
17926,KORKUTELİ,1972,13,11.8
17926,KORKUTELİ,1973,1,1.4
17926,KORKUTELİ,1973,2,4.3
17926,KORKUTELİ,1973,3,5.4
17926,KORKUTELİ,1973,4,9.3
17926,KORKUTELİ,1973,5,16.9
17926,KORKUTELİ,1973,6,19.7
17926,KORKUTELİ,1973,7,24.2
17926,KORKUTELİ,1973,8,23.0
17926,KORKUTELİ,1973,9,20.1
17926,KORKUTELİ,1973,10,14.5
17926,KORKUTELİ,1973,11,5.9
17926,KORKUTELİ,1973,12,5.2
17926,KORKUTELİ,1973,13,12.5
17926,KORKUTELİ,1974,1,-1.4
17926,KORKUTELİ,1974,2,3.2
17926,KORKUTELİ,1974,3,8.5
17926,KORKUTELİ,1974,4,9.5
17926,KORKUTELİ,1974,5,14.4
17926,KORKUTELİ,1974,6,20.2
17926,KORKUTELİ,1974,7,23.8
17926,KORKUTELİ,1974,8,21.6
17926,KORKUTELİ,1974,9,18.0
17926,KORKUTELİ,1974,10,15.6
17926,KORKUTELİ,1974,11,7.8
17926,KORKUTELİ,1974,12,2.7
17926,KORKUTELİ,1974,13,12.0
17926,KORKUTELİ,1975,1,2.6
17926,KORKUTELİ,1975,2,2.4
17926,KORKUTELİ,1975,3,7.3
17926,KORKUTELİ,1975,4,12.2
17926,KORKUTELİ,1975,5,14.1
17926,KORKUTELİ,1975,6,18.6
17926,KORKUTELİ,1975,7,23.3
17926,KORKUTELİ,1975,8,22.5
17926,KORKUTELİ,1975,9,19.0
17926,KORKUTELİ,1975,10,13.0
17926,KORKUTELİ,1975,11,7.2
17926,KORKUTELİ,1975,12,2.4
17926,KORKUTELİ,1975,13,12.1
17926,KORKUTELİ,1976,1,2.3
17926,KORKUTELİ,1976,2,0.9
17926,KORKUTELİ,1976,3,6.1
17926,KORKUTELİ,1976,4,9.8
17926,KORKUTELİ,1976,5,15.3
17926,KORKUTELİ,1976,6,18.9
17926,KORKUTELİ,1976,7,21.1
17926,KORKUTELİ,1976,8,21.8
17926,KORKUTELİ,1976,9,17.7
17926,KORKUTELİ,1976,10,13.8
17926,KORKUTELİ,1976,11,8.3
17926,KORKUTELİ,1976,12,4.3
17926,KORKUTELİ,1976,13,11.7
17926,KORKUTELİ,1977,1,1.8
17926,KORKUTELİ,1977,2,6.0
17926,KORKUTELİ,1977,3,6.6
17926,KORKUTELİ,1977,4,10.8
17926,KORKUTELİ,1977,5,16.0
17926,KORKUTELİ,1977,6,20.4
17926,KORKUTELİ,1977,7,24.4
17926,KORKUTELİ,1977,8,24.0
17926,KORKUTELİ,1977,9,18.9
17926,KORKUTELİ,1977,10,11.7
17926,KORKUTELİ,1977,11,9.5
17926,KORKUTELİ,1977,12,1.5
17926,KORKUTELİ,1977,13,12.7
17926,KORKUTELİ,1978,1,2.9
17926,KORKUTELİ,1978,2,5.2
17926,KORKUTELİ,1978,3,6.7
17926,KORKUTELİ,1978,4,10.3
17926,KORKUTELİ,1978,5,17.1
17926,KORKUTELİ,1978,6,20.7
17926,KORKUTELİ,1978,7,24.5
17926,KORKUTELİ,1978,8,21.9
17926,KORKUTELİ,1978,9,17.1
17926,KORKUTELİ,1978,10,14.4
17926,KORKUTELİ,1978,11,6.5
17926,KORKUTELİ,1978,12,4.3
17926,KORKUTELİ,1978,13,12.7
17926,KORKUTELİ,1979,1,2.8
17926,KORKUTELİ,1979,2,5.5
17926,KORKUTELİ,1979,3,7.8
17926,KORKUTELİ,1979,4,10.3
17926,KORKUTELİ,1979,5,14.7
17926,KORKUTELİ,1979,6,19.9
17926,KORKUTELİ,1979,7,22.2
17926,KORKUTELİ,1979,8,22.5
17926,KORKUTELİ,1979,9,19.3
17926,KORKUTELİ,1979,10,14.4
17926,KORKUTELİ,1979,11,8.3
17926,KORKUTELİ,1979,12,4.1
17926,KORKUTELİ,1979,13,12.7
17926,KORKUTELİ,1980,1,1.3
17926,KORKUTELİ,1980,2,2.9
17926,KORKUTELİ,1980,3,5.4
17926,KORKUTELİ,1980,4,9.3
17926,KORKUTELİ,1980,5,14.1
17926,KORKUTELİ,1980,6,20.7
17926,KORKUTELİ,1980,7,24.4
17926,KORKUTELİ,1980,8,23.2
17926,KORKUTELİ,1980,9,18.0
17926,KORKUTELİ,1980,10,14.2
17926,KORKUTELİ,1980,11,9.3
17926,KORKUTELİ,1980,12,4.5
17926,KORKUTELİ,1980,13,12.3
17926,KORKUTELİ,1981,1,2.3
17926,KORKUTELİ,1981,2,2.8
17926,KORKUTELİ,1981,3,8.1
17926,KORKUTELİ,1981,4,11.1
17926,KORKUTELİ,1981,5,13.2
17926,KORKUTELİ,1981,6,20.9
17926,KORKUTELİ,1981,7,23.3
17926,KORKUTELİ,1981,8,23.2
17926,KORKUTELİ,1981,9,19.3
17926,KORKUTELİ,1981,10,15.6
17926,KORKUTELİ,1981,11,6.6
17926,KORKUTELİ,1981,12,6.2
17926,KORKUTELİ,1981,13,12.8
17926,KORKUTELİ,1982,1,3.9
17926,KORKUTELİ,1982,2,1.3
17926,KORKUTELİ,1982,3,4.8
17926,KORKUTELİ,1982,4,10.6
17926,KORKUTELİ,1982,5,15.0
17926,KORKUTELİ,1982,6,19.7
17926,KORKUTELİ,1982,7,21.4
17926,KORKUTELİ,1982,8,22.7
17926,KORKUTELİ,1982,9,19.6
17926,KORKUTELİ,1982,10,13.7
17926,KORKUTELİ,1982,11,5.9
17926,KORKUTELİ,1982,12,3.5
17926,KORKUTELİ,1982,13,11.9
17926,KORKUTELİ,1983,1,-0.7
17926,KORKUTELİ,1983,2,0.9
17926,KORKUTELİ,1983,3,5.2
17926,KORKUTELİ,1983,4,11.2
17926,KORKUTELİ,1983,5,15.4
17926,KORKUTELİ,1983,6,18.1
17926,KORKUTELİ,1983,7,21.7
17926,KORKUTELİ,1983,8,21.8
17926,KORKUTELİ,1983,9,18.6
17926,KORKUTELİ,1983,10,11.9
17926,KORKUTELİ,1983,11,8.8
17926,KORKUTELİ,1983,12,5.3
17926,KORKUTELİ,1983,13,11.6
17926,KORKUTELİ,1984,1,3.7
17926,KORKUTELİ,1984,2,4.8
17926,KORKUTELİ,1984,3,5.9
17926,KORKUTELİ,1984,4,8.5
17926,KORKUTELİ,1984,5,16.8
17926,KORKUTELİ,1984,6,20.5
17926,KORKUTELİ,1984,7,23.0
17926,KORKUTELİ,1984,8,21.0
17926,KORKUTELİ,1984,9,19.2
17926,KORKUTELİ,1984,10,14.6
17926,KORKUTELİ,1984,11,7.6
17926,KORKUTELİ,1984,12,2.7
17926,KORKUTELİ,1984,13,12.4
17926,KORKUTELİ,1985,1,4.2
17926,KORKUTELİ,1985,2,0.5
17926,KORKUTELİ,1985,3,5.7
17926,KORKUTELİ,1985,4,11.6
17926,KORKUTELİ,1985,5,16.1
17926,KORKUTELİ,1985,6,20.1
17926,KORKUTELİ,1985,7,22.2
17926,KORKUTELİ,1985,8,23.4
17926,KORKUTELİ,1985,9,19.0
17926,KORKUTELİ,1985,10,11.4
17926,KORKUTELİ,1985,11,10.0
17926,KORKUTELİ,1985,12,4.3
17926,KORKUTELİ,1985,13,12.5
17926,KORKUTELİ,1986,1,4.0
17926,KORKUTELİ,1986,2,4.5
17926,KORKUTELİ,1986,3,7.9
17926,KORKUTELİ,1986,4,12.7
17926,KORKUTELİ,1986,5,13.6
17926,KORKUTELİ,1986,6,19.6
17926,KORKUTELİ,1986,7,24.3
17926,KORKUTELİ,1986,8,23.8
17926,KORKUTELİ,1986,9,19.5
17926,KORKUTELİ,1986,10,12.9
17926,KORKUTELİ,1986,11,6.0
17926,KORKUTELİ,1986,12,2.9
17926,KORKUTELİ,1986,13,12.7
17926,KORKUTELİ,1987,1,3.5
17926,KORKUTELİ,1987,2,5.0
17926,KORKUTELİ,1987,3,2.7
17926,KORKUTELİ,1987,4,8.6
17926,KORKUTELİ,1987,5,14.0
17926,KORKUTELİ,1987,6,19.9
17926,KORKUTELİ,1987,7,23.6
17926,KORKUTELİ,1987,8,22.9
17926,KORKUTELİ,1987,9,20.1
17926,KORKUTELİ,1987,10,13.3
17926,KORKUTELİ,1987,11,7.1
17926,KORKUTELİ,1987,12,4.2
17926,KORKUTELİ,1987,13,12.1
17926,KORKUTELİ,1988,1,3.7
17926,KORKUTELİ,1988,2,3.3
17926,KORKUTELİ,1988,3,4.6
17926,KORKUTELİ,1988,4,11.5
17926,KORKUTELİ,1988,5,16.6
17926,KORKUTELİ,1988,6,20.6
17926,KORKUTELİ,1988,7,24.9
17926,KORKUTELİ,1988,8,23.5
17926,KORKUTELİ,1988,9,20.0
17926,KORKUTELİ,1988,10,12.5
17926,KORKUTELİ,1988,11,5.1
17926,KORKUTELİ,1988,12,4.1
17926,KORKUTELİ,1988,13,12.6
17926,KORKUTELİ,1989,1,0.8
17926,KORKUTELİ,1989,2,2.8
17926,KORKUTELİ,1989,3,8.2
17926,KORKUTELİ,1989,4,15.0
17926,KORKUTELİ,1989,5,16.3
17926,KORKUTELİ,1989,6,19.3
17926,KORKUTELİ,1989,7,24.1
17926,KORKUTELİ,1989,8,23.2
17926,KORKUTELİ,1989,9,19.2
17926,KORKUTELİ,1989,10,11.9
17926,KORKUTELİ,1989,11,8.0
17926,KORKUTELİ,1989,12,3.9
17926,KORKUTELİ,1989,13,12.8
17926,KORKUTELİ,1990,1,1.1
17926,KORKUTELİ,1990,2,3.3
17926,KORKUTELİ,1990,3,7.8
17926,KORKUTELİ,1990,4,11.2
17926,KORKUTELİ,1990,5,15.3
17926,KORKUTELİ,1990,6,20.3
17926,KORKUTELİ,1990,7,24.5
17926,KORKUTELİ,1990,8,23.2
17926,KORKUTELİ,1990,9,19.1
17926,KORKUTELİ,1990,10,14.6
17926,KORKUTELİ,1990,11,9.1
17926,KORKUTELİ,1990,12,4.9
17926,KORKUTELİ,1990,13,12.9
17926,KORKUTELİ,1991,1,2.2
17926,KORKUTELİ,1991,2,3.1
17926,KORKUTELİ,1991,3,8.5
17926,KORKUTELİ,1991,4,10.6
17926,KORKUTELİ,1991,5,14.0
17926,KORKUTELİ,1991,6,21.3
17926,KORKUTELİ,1991,7,23.1
17926,KORKUTELİ,1991,8,23.5
17926,KORKUTELİ,1991,9,19.7
17926,KORKUTELİ,1991,10,14.5
17926,KORKUTELİ,1991,11,7.9
17926,KORKUTELİ,1991,12,1.2
17926,KORKUTELİ,1991,13,12.5
17926,KORKUTELİ,1992,1,0.9
17926,KORKUTELİ,1992,2,-0.5
17926,KORKUTELİ,1992,3,4.6
17926,KORKUTELİ,1992,4,10.2
17926,KORKUTELİ,1992,5,14.5
17926,KORKUTELİ,1992,6,19.6
17926,KORKUTELİ,1992,7,21.6
17926,KORKUTELİ,1992,8,23.4
17926,KORKUTELİ,1992,9,18.2
17926,KORKUTELİ,1992,10,16.1
17926,KORKUTELİ,1992,11,7.2
17926,KORKUTELİ,1992,12,1.1
17926,KORKUTELİ,1992,13,11.5
17926,KORKUTELİ,1993,1,0.7
17926,KORKUTELİ,1993,2,1.4
17926,KORKUTELİ,1993,3,5.7
17926,KORKUTELİ,1993,4,10.5
17926,KORKUTELİ,1993,5,13.3
17926,KORKUTELİ,1993,6,20.1
17926,KORKUTELİ,1993,7,23.6
17926,KORKUTELİ,1993,8,24.1
17926,KORKUTELİ,1993,9,19.4
17926,KORKUTELİ,1993,10,15.9
17926,KORKUTELİ,1993,11,6.8
17926,KORKUTELİ,1993,12,5.2
17926,KORKUTELİ,1993,13,12.3
17926,KORKUTELİ,1994,1,4.8
17926,KORKUTELİ,1994,2,3.8
17926,KORKUTELİ,1994,3,6.7
17926,KORKUTELİ,1994,4,12.6
17926,KORKUTELİ,1994,5,16.7
17926,KORKUTELİ,1994,6,20.7
17926,KORKUTELİ,1994,7,23.6
17926,KORKUTELİ,1994,8,24.0
17926,KORKUTELİ,1994,9,21.6
17926,KORKUTELİ,1994,10,15.2
17926,KORKUTELİ,1994,11,7.1
17926,KORKUTELİ,1994,12,2.4
17926,KORKUTELİ,1994,13,13.3
17926,KORKUTELİ,1995,1,3.4
17926,KORKUTELİ,1995,2,5.1
17926,KORKUTELİ,1995,3,6.0
17926,KORKUTELİ,1995,4,9.3
17926,KORKUTELİ,1995,5,15.5
17926,KORKUTELİ,1995,6,21.9
17926,KORKUTELİ,1995,7,22.6
17926,KORKUTELİ,1995,8,23.6
17926,KORKUTELİ,1995,9,19.8
17926,KORKUTELİ,1995,10,13.0
17926,KORKUTELİ,1995,11,5.0
17926,KORKUTELİ,1995,12,4.6
17926,KORKUTELİ,1995,13,12.5
17926,KORKUTELİ,1996,1,1.6
17926,KORKUTELİ,1996,2,4.7
17926,KORKUTELİ,1996,3,5.0
17926,KORKUTELİ,1996,4,8.7
17926,KORKUTELİ,1996,5,17.4
17926,KORKUTELİ,1996,6,21.3
17926,KORKUTELİ,1996,7,24.8
17926,KORKUTELİ,1996,8,23.6
17926,KORKUTELİ,1996,9,18.7
17926,KORKUTELİ,1996,10,11.9
17926,KORKUTELİ,1996,11,9.5
17926,KORKUTELİ,1996,12,6.3
17926,KORKUTELİ,1996,13,12.8
17926,KORKUTELİ,1997,1,4.3
17926,KORKUTELİ,1997,2,2.4
17926,KORKUTELİ,1997,3,4.3
17926,KORKUTELİ,1997,4,6.7
17926,KORKUTELİ,1997,5,17.2
17926,KORKUTELİ,1997,6,20.6
17926,KORKUTELİ,1997,7,24.5
17926,KORKUTELİ,1997,8,21.1
17926,KORKUTELİ,1997,9,18.3
17926,KORKUTELİ,1997,10,13.1
17926,KORKUTELİ,1997,11,8.9
17926,KORKUTELİ,1997,12,5.0
17926,KORKUTELİ,1997,13,12.3
17926,KORKUTELİ,1998,1,3.4
17926,KORKUTELİ,1998,2,5.1
17926,KORKUTELİ,1998,3,4.2
17926,KORKUTELİ,1998,4,12.0
17926,KORKUTELİ,1998,5,14.9
17926,KORKUTELİ,1998,6,20.9
17926,KORKUTELİ,1998,7,25.2
17926,KORKUTELİ,1998,8,25.6
17926,KORKUTELİ,1998,9,19.6
17926,KORKUTELİ,1998,10,14.9
17926,KORKUTELİ,1998,11,10.1
17926,KORKUTELİ,1998,12,4.4
17926,KORKUTELİ,1998,13,13.4
17926,KORKUTELİ,1999,1,3.9
17926,KORKUTELİ,1999,2,4.0
17926,KORKUTELİ,1999,3,7.2
17926,KORKUTELİ,1999,4,11.4
17926,KORKUTELİ,1999,5,18.2
17926,KORKUTELİ,1999,6,20.6
17926,KORKUTELİ,1999,7,24.1
17926,KORKUTELİ,1999,8,24.0
17926,KORKUTELİ,1999,9,19.5
17926,KORKUTELİ,1999,10,15.3
17926,KORKUTELİ,1999,11,8.4
17926,KORKUTELİ,1999,12,5.7
17926,KORKUTELİ,1999,13,13.6
17926,KORKUTELİ,2000,1,-0.2
17926,KORKUTELİ,2000,2,2.6
17926,KORKUTELİ,2000,3,5.3
17926,KORKUTELİ,2000,4,11.2
17926,KORKUTELİ,2000,5,15.5
17926,KORKUTELİ,2000,6,21.0
17926,KORKUTELİ,2000,7,25.6
17926,KORKUTELİ,2000,8,23.5
17926,KORKUTELİ,2000,9,19.7
17926,KORKUTELİ,2000,10,12.9
17926,KORKUTELİ,2000,11,9.4
17926,KORKUTELİ,2000,12,4.1
17926,KORKUTELİ,2000,13,12.6
17926,KORKUTELİ,2001,1,4.2
17926,KORKUTELİ,2001,2,4.1
17926,KORKUTELİ,2001,3,11.0
17926,KORKUTELİ,2001,4,11.0
17926,KORKUTELİ,2001,5,16.3
17926,KORKUTELİ,2001,6,21.6
17926,KORKUTELİ,2001,7,25.2
17926,KORKUTELİ,2001,8,24.2
17926,KORKUTELİ,2001,9,20.3
17926,KORKUTELİ,2001,10,14.2
17926,KORKUTELİ,2001,11,7.3
17926,KORKUTELİ,2001,12,3.4
17926,KORKUTELİ,2001,13,13.6
17926,KORKUTELİ,2002,1,1.1
17926,KORKUTELİ,2002,2,5.9
17926,KORKUTELİ,2002,3,8.4
17926,KORKUTELİ,2002,4,10.2
17926,KORKUTELİ,2002,5,15.4
17926,KORKUTELİ,2002,6,20.4
17926,KORKUTELİ,2002,7,23.3
17926,KORKUTELİ,2002,8,22.9
17926,KORKUTELİ,2002,9,17.4
17926,KORKUTELİ,2002,10,14.0
17926,KORKUTELİ,2002,11,9.2
17926,KORKUTELİ,2002,12,2.5
17926,KORKUTELİ,2002,13,12.6
17926,KORKUTELİ,2003,1,5.6
17926,KORKUTELİ,2003,2,0.8
17926,KORKUTELİ,2003,3,4.4
17926,KORKUTELİ,2003,4,9.6
17926,KORKUTELİ,2003,5,16.6
17926,KORKUTELİ,2003,6,20.4
17926,KORKUTELİ,2003,7,23.6
17926,KORKUTELİ,2003,8,23.6
17926,KORKUTELİ,2003,9,18.4
17926,KORKUTELİ,2003,10,15.1
17926,KORKUTELİ,2003,11,8.4
17926,KORKUTELİ,2003,12,4.0
17926,KORKUTELİ,2003,13,12.6
17926,KORKUTELİ,2004,1,1.0
17926,KORKUTELİ,2004,2,3.3
17926,KORKUTELİ,2004,3,7.7
17926,KORKUTELİ,2004,4,10.5
17926,KORKUTELİ,2004,5,15.0
17926,KORKUTELİ,2004,6,20.0
17926,KORKUTELİ,2004,7,23.3
17926,KORKUTELİ,2004,8,22.7
17926,KORKUTELİ,2004,9,19.3
17926,KORKUTELİ,2004,10,14.7
17926,KORKUTELİ,2004,11,7.6
17926,KORKUTELİ,2004,12,4.0
17926,KORKUTELİ,2004,13,12.5
17926,KORKUTELİ,2005,1,2.4
17926,KORKUTELİ,2005,2,2.4
17926,KORKUTELİ,2005,3,6.9
17926,KORKUTELİ,2005,4,10.7
17926,KORKUTELİ,2005,5,15.8
17926,KORKUTELİ,2005,6,19.7
17926,KORKUTELİ,2005,7,24.9
17926,KORKUTELİ,2005,8,24.0
17926,KORKUTELİ,2005,9,18.7
17926,KORKUTELİ,2005,10,11.7
17926,KORKUTELİ,2005,11,5.5
17926,KORKUTELİ,2005,12,4.0
17926,KORKUTELİ,2005,13,12.3
17926,KORKUTELİ,2006,1,1.5
17926,KORKUTELİ,2006,2,3.1
17926,KORKUTELİ,2006,3,6.5
17926,KORKUTELİ,2006,4,11.6
17926,KORKUTELİ,2006,5,15.8
17926,KORKUTELİ,2006,6,21.4
17926,KORKUTELİ,2006,7,23.5
17926,KORKUTELİ,2006,8,25.6
17926,KORKUTELİ,2006,9,19.6
17926,KORKUTELİ,2006,10,14.1
17926,KORKUTELİ,2006,11,7.0
17926,KORKUTELİ,2006,12,3.8
17926,KORKUTELİ,2006,13,12.8
17926,KORKUTELİ,2007,1,3.1
17926,KORKUTELİ,2007,2,4.2
17926,KORKUTELİ,2007,3,7.3
17926,KORKUTELİ,2007,4,10.2
17926,KORKUTELİ,2007,5,17.1
17926,KORKUTELİ,2007,6,22.7
17926,KORKUTELİ,2007,7,25.8
17926,KORKUTELİ,2007,8,25.1
17926,KORKUTELİ,2007,9,20.4
17926,KORKUTELİ,2007,10,14.8
17926,KORKUTELİ,2007,11,7.5
17926,KORKUTELİ,2007,12,4.0
17926,KORKUTELİ,2007,13,13.7
17926,KORKUTELİ,2008,1,1.5
17926,KORKUTELİ,2008,2,2.9
17926,KORKUTELİ,2008,3,8.9
17926,KORKUTELİ,2008,4,12.6
17926,KORKUTELİ,2008,5,16.1
17926,KORKUTELİ,2008,6,22.7
17926,KORKUTELİ,2008,7,25.1
17926,KORKUTELİ,2008,8,26.1
17926,KORKUTELİ,2008,9,20.0
17926,KORKUTELİ,2008,10,13.6
17926,KORKUTELİ,2008,11,10.0
17926,KORKUTELİ,2008,12,4.6
17926,KORKUTELİ,2008,13,13.5
17926,KORKUTELİ,2009,1,3.8
17926,KORKUTELİ,2009,2,4.0
17926,KORKUTELİ,2009,3,6.4
17926,KORKUTELİ,2009,4,11.7
17926,KORKUTELİ,2009,5,15.4
17926,KORKUTELİ,2009,6,21.5
17926,KORKUTELİ,2009,8,23.9
17926,KORKUTELİ,2009,9,18.5
17926,KORKUTELİ,2009,10,15.4
17926,KORKUTELİ,2009,11,8.6
17926,KORKUTELİ,2009,12,6.3
17926,KORKUTELİ,2009,13,11.4
17926,KORKUTELİ,2010,1,4.4
17926,KORKUTELİ,2010,2,5.9
17926,KORKUTELİ,2010,3,9.3
17926,KORKUTELİ,2010,4,11.9
17926,KORKUTELİ,2010,5,17.4
17926,KORKUTELİ,2010,6,19.6
17926,KORKUTELİ,2010,7,24.6
17926,KORKUTELİ,2010,8,27.0
17926,KORKUTELİ,2010,9,20.9
17926,KORKUTELİ,2010,10,13.6
17926,KORKUTELİ,2010,11,11.0
17926,KORKUTELİ,2010,12,6.3
17926,KORKUTELİ,2010,13,14.0
17926,KORKUTELİ,2011,1,3.5
17926,KORKUTELİ,2011,2,4.7
17926,KORKUTELİ,2011,3,7.5
17926,KORKUTELİ,2011,4,10.3
17926,KORKUTELİ,2011,5,14.2
17926,KORKUTELİ,2011,6,19.9
17926,KORKUTELİ,2011,7,24.7
17926,KORKUTELİ,2011,8,24.2
17926,KORKUTELİ,2011,9,20.3
17926,KORKUTELİ,2011,10,12.3
17926,KORKUTELİ,2011,11,6.1
17926,KORKUTELİ,2011,12,4.0
17926,KORKUTELİ,2011,13,12.7
17926,KORKUTELİ,2012,1,1.4
17926,KORKUTELİ,2012,2,2.2
17926,KORKUTELİ,2012,3,5.9
17926,KORKUTELİ,2012,4,11.8
17926,KORKUTELİ,2012,5,14.9
17926,KORKUTELİ,2012,6,22.7
17926,KORKUTELİ,2012,7,26.1
17926,KORKUTELİ,2012,8,24.3
17926,KORKUTELİ,2012,9,21.4
17926,KORKUTELİ,2012,10,15.8
17926,KORKUTELİ,2012,11,10.4
17926,KORKUTELİ,2012,12,5.7
17926,KORKUTELİ,2012,13,13.4
17926,KORKUTELİ,2013,1,3.8
17926,KORKUTELİ,2013,2,5.7
17926,KORKUTELİ,2013,3,7.9
17926,KORKUTELİ,2013,4,12.4
17926,KORKUTELİ,2013,5,18.7
17926,KORKUTELİ,2013,6,22.2
17926,KORKUTELİ,2013,7,24.5
17926,KORKUTELİ,2013,8,25.0
17926,KORKUTELİ,2013,9,20.8
17926,KORKUTELİ,2013,10,13.4
17926,KORKUTELİ,2013,11,10.1
17926,KORKUTELİ,2013,12,3.1
17926,KORKUTELİ,2013,13,14.0
17926,KORKUTELİ,2014,1,5.6
17926,KORKUTELİ,2014,2,6.1
17926,KORKUTELİ,2014,3,7.8
17926,KORKUTELİ,2014,4,12.0
17926,KORKUTELİ,2014,5,15.2
17926,KORKUTELİ,2014,6,20.6
17926,KORKUTELİ,2014,7,24.5
17926,KORKUTELİ,2014,8,25.0
17926,KORKUTELİ,2014,9,19.3
17926,KORKUTELİ,2014,10,13.9
17926,KORKUTELİ,2014,11,8.0
17926,KORKUTELİ,2014,12,7.1
17926,KORKUTELİ,2014,13,13.9
17926,KORKUTELİ,2015,1,3.0
17926,KORKUTELİ,2015,2,3.8
17926,KORKUTELİ,2015,3,7.1
17926,KORKUTELİ,2015,4,9.3
17926,KORKUTELİ,2015,5,16.1
17926,KORKUTELİ,2015,6,18.6
17926,KORKUTELİ,2015,7,24.1
17926,KORKUTELİ,2015,8,23.7
17926,KORKUTELİ,2015,9,21.5
17926,KORKUTELİ,2015,10,15.0
17926,KORKUTELİ,2015,11,9.9
17926,KORKUTELİ,2015,12,4.5
17926,KORKUTELİ,2015,13,12.9
17926,KORKUTELİ,2016,1,2.1
17926,KORKUTELİ,2016,2,7.5
17926,KORKUTELİ,2016,3,8.0
17926,KORKUTELİ,2016,4,14.8
17926,KORKUTELİ,2016,5,15.4
17926,KORKUTELİ,2016,6,22.2
17926,KORKUTELİ,2016,7,25.7
17926,KORKUTELİ,2016,8,24.6
17926,KORKUTELİ,2016,9,19.3
17926,KORKUTELİ,2016,10,15.7
17926,KORKUTELİ,2016,11,8.1
17926,KORKUTELİ,2016,12,1.5
17926,KORKUTELİ,2016,13,13.7
17926,KORKUTELİ,2017,1,0.2
17926,KORKUTELİ,2017,2,4.0
17926,KORKUTELİ,2017,3,7.7
17926,KORKUTELİ,2017,4,10.9
17926,KORKUTELİ,2017,5,15.7
17926,KORKUTELİ,2017,6,21.5
17926,KORKUTELİ,2017,7,25.7
17926,KORKUTELİ,2017,8,23.5
17926,KORKUTELİ,2017,9,21.5
17926,KORKUTELİ,2017,10,13.8
17926,KORKUTELİ,2017,11,7.6
17926,KORKUTELİ,2017,12,5.4
17926,KORKUTELİ,2017,13,13.2
17926,KORKUTELİ,2018,1,4.4
17926,KORKUTELİ,2018,2,6.5
17926,KORKUTELİ,2018,3,9.4
17926,KORKUTELİ,2018,4,14.8
17926,KORKUTELİ,2018,5,17.8
17926,KORKUTELİ,2018,6,20.4
17926,KORKUTELİ,2018,7,24.9
17926,KORKUTELİ,2018,8,24.0
17926,KORKUTELİ,2018,9,20.8
17926,KORKUTELİ,2018,10,14.5
17926,KORKUTELİ,2018,11,9.3
17926,KORKUTELİ,2018,12,4.3
17926,KORKUTELİ,2018,13,14.3
17926,KORKUTELİ,2019,1,2.5
17926,KORKUTELİ,2019,2,5.2
17926,KORKUTELİ,2019,3,7.9
17926,KORKUTELİ,2019,4,10.2
17926,KORKUTELİ,2019,5,16.7
17926,KORKUTELİ,2019,6,20.8
17926,KORKUTELİ,2019,7,23.7
17926,KORKUTELİ,2019,8,24.6
17926,KORKUTELİ,2019,9,20.2
17926,KORKUTELİ,2019,10,16.0
17926,KORKUTELİ,2019,11,9.9
17926,KORKUTELİ,2019,12,5.0
17926,KORKUTELİ,2019,13,13.6
17926,KORKUTELİ,2020,1,2.4
17926,KORKUTELİ,2020,2,4.3
17926,KORKUTELİ,2020,3,7.6
17926,KORKUTELİ,2020,4,11.4
17926,KORKUTELİ,2020,5,16.6
17926,KORKUTELİ,2020,6,19.3
17926,KORKUTELİ,2020,7,25.8
17926,KORKUTELİ,2020,8,24.8
17926,KORKUTELİ,2020,9,22.9
17926,KORKUTELİ,2020,10,16.5
17926,KORKUTELİ,2020,11,8.3
17926,KORKUTELİ,2020,12,5.9
17926,KORKUTELİ,2020,13,13.9
17926,KORKUTELİ,2021,1,4.3
17926,KORKUTELİ,2021,2,5.6
17926,KORKUTELİ,2021,3,5.2
17926,KORKUTELİ,2021,4,11.5
17926,KORKUTELİ,2021,5,18.6
17926,KORKUTELİ,2021,6,19.3
17926,KORKUTELİ,2021,7,24.9
17926,KORKUTELİ,2021,8,25.1
17926,KORKUTELİ,2021,9,19.4
17926,KORKUTELİ,2021,10,13.5
17926,KORKUTELİ,2021,11,9.9
17926,KORKUTELİ,2021,12,4.0
17926,KORKUTELİ,2021,13,13.5
17926,KORKUTELİ,2022,1,0.8
17926,KORKUTELİ,2022,2,3.6
17926,KORKUTELİ,2022,3,2.2
17926,KORKUTELİ,2022,4,12.4
17926,KORKUTELİ,2022,5,15.5
17926,KORKUTELİ,2022,6,19.9
17926,KORKUTELİ,2022,7,23.9
17926,KORKUTELİ,2022,8,22.9
17926,KORKUTELİ,2022,9,19.5
17926,KORKUTELİ,2022,10,14.2
17926,KORKUTELİ,2022,11,8.4
17926,KORKUTELİ,2022,12,6.0
17926,KORKUTELİ,2022,13,12.5
17926,KORKUTELİ,2023,1,3.1
17926,KORKUTELİ,2023,2,1.5
17926,KORKUTELİ,2023,3,7.6
17926,KORKUTELİ,2023,4,8.8
17926,KORKUTELİ,2023,5,13.4
17926,KORKUTELİ,2023,6,18.2
17926,KORKUTELİ,2023,7,24.6
17926,KORKUTELİ,2023,8,24.6
17926,KORKUTELİ,2023,9,20.1
17926,KORKUTELİ,2023,10,15.0
17926,KORKUTELİ,2023,11,9.7
17926,KORKUTELİ,2023,12,5.9
17926,KORKUTELİ,2023,13,12.8
17926,KORKUTELİ,2024,1,4.4
17926,KORKUTELİ,2024,2,5.5
17926,KORKUTELİ,2024,3,7.6
17926,KORKUTELİ,2024,4,14.7
17926,KORKUTELİ,2024,5,15.7
17926,KORKUTELİ,2024,6,24.9
17926,KORKUTELİ,2024,7,24.5
17926,KORKUTELİ,2024,8,23.9
17926,KORKUTELİ,2024,9,19.0
17926,KORKUTELİ,2024,10,14.2
17926,KORKUTELİ,2024,11,7.5
17926,KORKUTELİ,2024,12,4.4
17926,KORKUTELİ,2024,13,13.9
17926,KORKUTELİ,2025,1,4.6
17926,KORKUTELİ,2025,2,4.9
17951,KUMLUCA,2004,1,6.2
17951,KUMLUCA,2004,2,10.8
17951,KUMLUCA,2004,3,12.9
17951,KUMLUCA,2004,4,15.7
17951,KUMLUCA,2004,5,19.0
17951,KUMLUCA,2004,6,23.2
17951,KUMLUCA,2004,8,27.0
17951,KUMLUCA,2004,9,23.9
17951,KUMLUCA,2004,10,20.9
17951,KUMLUCA,2004,11,14.8
17951,KUMLUCA,2004,12,10.6
17951,KUMLUCA,2005,1,9.9
17951,KUMLUCA,2005,2,9.4
17951,KUMLUCA,2005,3,12.3
17951,KUMLUCA,2005,4,15.7
17951,KUMLUCA,2005,5,19.4
17951,KUMLUCA,2005,6,18.9
17951,KUMLUCA,2005,7,27.5
17951,KUMLUCA,2005,8,27.5
17951,KUMLUCA,2005,9,23.7
17951,KUMLUCA,2005,10,17.7
17951,KUMLUCA,2005,11,12.8
17951,KUMLUCA,2005,12,11.2
17951,KUMLUCA,2005,13,16.7
17951,KUMLUCA,2006,1,9.0
17951,KUMLUCA,2006,2,9.9
17951,KUMLUCA,2006,3,12.9
17951,KUMLUCA,2006,4,16.5
17951,KUMLUCA,2006,5,19.5
17951,KUMLUCA,2006,6,23.1
17951,KUMLUCA,2006,7,28.1
17951,KUMLUCA,2006,8,27.7
17951,KUMLUCA,2006,9,23.5
17951,KUMLUCA,2006,10,19.3
17951,KUMLUCA,2006,11,13.4
17951,KUMLUCA,2006,12,10.2
17951,KUMLUCA,2007,1,9.4
17951,KUMLUCA,2007,2,10.1
17951,KUMLUCA,2007,3,12.2
17951,KUMLUCA,2007,4,14.4
17951,KUMLUCA,2007,5,19.6
17951,KUMLUCA,2007,6,24.7
17951,KUMLUCA,2007,7,27.9
17951,KUMLUCA,2007,8,27.8
17951,KUMLUCA,2007,9,23.8
17951,KUMLUCA,2007,10,20.0
17951,KUMLUCA,2007,11,14.5
17951,KUMLUCA,2007,12,11.0
17951,KUMLUCA,2007,13,18.0
17951,KUMLUCA,2008,1,8.6
17951,KUMLUCA,2008,2,8.8
17951,KUMLUCA,2008,3,14.0
17951,KUMLUCA,2008,4,15.8
17951,KUMLUCA,2008,5,19.1
17951,KUMLUCA,2008,6,25.0
17951,KUMLUCA,2008,7,27.1
17951,KUMLUCA,2008,8,28.5
17951,KUMLUCA,2008,9,24.3
17951,KUMLUCA,2008,10,19.3
17951,KUMLUCA,2008,11,15.8
17951,KUMLUCA,2008,12,11.4
17951,KUMLUCA,2008,13,18.2
17951,KUMLUCA,2009,1,10.7
17951,KUMLUCA,2009,2,10.2
17951,KUMLUCA,2009,3,11.7
17951,KUMLUCA,2009,4,16.1
17951,KUMLUCA,2009,5,19.5
17951,KUMLUCA,2009,6,24.7
17951,KUMLUCA,2009,7,27.6
17951,KUMLUCA,2009,8,27.2
17951,KUMLUCA,2009,9,23.5
17951,KUMLUCA,2009,10,20.8
17951,KUMLUCA,2009,11,14.8
17951,KUMLUCA,2009,12,12.7
17951,KUMLUCA,2009,13,18.3
17951,KUMLUCA,2010,1,11.0
17951,KUMLUCA,2010,2,11.6
17951,KUMLUCA,2010,3,14.1
17951,KUMLUCA,2010,4,16.2
17951,KUMLUCA,2010,5,20.4
17951,KUMLUCA,2010,6,23.9
17951,KUMLUCA,2010,7,26.8
17951,KUMLUCA,2010,8,29.1
17951,KUMLUCA,2010,9,24.9
17951,KUMLUCA,2010,10,20.0
17951,KUMLUCA,2010,11,17.4
17951,KUMLUCA,2010,12,13.9
17951,KUMLUCA,2010,13,19.0
17951,KUMLUCA,2011,1,10.7
17951,KUMLUCA,2011,2,11.1
17951,KUMLUCA,2011,3,12.5
17951,KUMLUCA,2011,4,15.9
17951,KUMLUCA,2011,5,19.2
17951,KUMLUCA,2011,6,24.2
17951,KUMLUCA,2011,7,27.8
17951,KUMLUCA,2011,8,28.1
17951,KUMLUCA,2011,9,25.3
17951,KUMLUCA,2011,10,18.4
17951,KUMLUCA,2011,11,12.8
17951,KUMLUCA,2011,12,10.7
17951,KUMLUCA,2011,13,18.1
17951,KUMLUCA,2012,1,9.0
17951,KUMLUCA,2012,2,9.4
17951,KUMLUCA,2012,3,11.7
17951,KUMLUCA,2012,4,16.1
17951,KUMLUCA,2012,5,19.8
17951,KUMLUCA,2012,6,25.2
17951,KUMLUCA,2012,7,28.9
17951,KUMLUCA,2012,8,28.6
17951,KUMLUCA,2012,9,24.6
17951,KUMLUCA,2012,10,21.0
17951,KUMLUCA,2012,11,16.7
17951,KUMLUCA,2012,12,11.6
17951,KUMLUCA,2012,13,18.6
17951,KUMLUCA,2013,1,10.5
17951,KUMLUCA,2013,2,11.8
17951,KUMLUCA,2013,3,13.2
17951,KUMLUCA,2013,4,16.9
17951,KUMLUCA,2013,5,21.8
17951,KUMLUCA,2013,6,24.4
17951,KUMLUCA,2013,7,27.0
17951,KUMLUCA,2013,8,28.0
17951,KUMLUCA,2013,9,24.3
17951,KUMLUCA,2013,10,18.2
17951,KUMLUCA,2013,11,16.0
17951,KUMLUCA,2013,12,10.5
17951,KUMLUCA,2013,13,18.6
17951,KUMLUCA,2014,1,11.7
17951,KUMLUCA,2014,2,12.0
17951,KUMLUCA,2014,3,13.4
17951,KUMLUCA,2014,4,16.2
17951,KUMLUCA,2014,5,19.8
17951,KUMLUCA,2014,6,24.3
17951,KUMLUCA,2014,7,27.3
17951,KUMLUCA,2014,8,28.7
17951,KUMLUCA,2014,9,25.0
17951,KUMLUCA,2014,10,20.0
17951,KUMLUCA,2014,11,15.3
17951,KUMLUCA,2014,12,13.9
17951,KUMLUCA,2014,13,19.0
17951,KUMLUCA,2015,1,10.4
17951,KUMLUCA,2015,2,11.2
17951,KUMLUCA,2015,3,13.6
17951,KUMLUCA,2015,4,15.2
17951,KUMLUCA,2015,5,20.0
17951,KUMLUCA,2015,6,23.0
17951,KUMLUCA,2015,7,27.1
17951,KUMLUCA,2015,8,28.6
17951,KUMLUCA,2015,9,25.7
17951,KUMLUCA,2015,10,21.2
17951,KUMLUCA,2015,11,15.3
17951,KUMLUCA,2015,12,11.0
17951,KUMLUCA,2015,13,18.6
17951,KUMLUCA,2016,1,9.2
17951,KUMLUCA,2016,2,13.1
17951,KUMLUCA,2016,3,13.8
17951,KUMLUCA,2016,4,17.6
17951,KUMLUCA,2016,5,19.8
17951,KUMLUCA,2016,6,25.2
17951,KUMLUCA,2016,7,28.0
17951,KUMLUCA,2016,8,28.2
17951,KUMLUCA,2016,9,23.9
17951,KUMLUCA,2016,10,20.6
17951,KUMLUCA,2016,11,15.4
17951,KUMLUCA,2016,12,9.1
17951,KUMLUCA,2016,13,18.6
17951,KUMLUCA,2017,1,8.4
17951,KUMLUCA,2017,2,10.2
17951,KUMLUCA,2017,3,12.5
17951,KUMLUCA,2017,4,15.7
17951,KUMLUCA,2017,5,19.5
17951,KUMLUCA,2017,6,24.5
17951,KUMLUCA,2017,7,28.3
17951,KUMLUCA,2017,8,27.4
17951,KUMLUCA,2017,9,24.5
17951,KUMLUCA,2017,10,18.9
17951,KUMLUCA,2017,11,14.3
17951,KUMLUCA,2017,12,11.9
17951,KUMLUCA,2017,13,18.1
17951,KUMLUCA,2018,1,10.5
17951,KUMLUCA,2018,2,12.3
17951,KUMLUCA,2018,3,14.4
17951,KUMLUCA,2018,4,17.6
17951,KUMLUCA,2018,5,22.4
17951,KUMLUCA,2018,6,24.6
17951,KUMLUCA,2018,7,27.6
17951,KUMLUCA,2018,8,27.7
17951,KUMLUCA,2018,9,25.1
17951,KUMLUCA,2018,10,20.1
17951,KUMLUCA,2018,11,15.7
17951,KUMLUCA,2018,12,11.1
17951,KUMLUCA,2018,13,19.1
17951,KUMLUCA,2019,1,9.3
17951,KUMLUCA,2019,2,11.1
17951,KUMLUCA,2019,3,12.6
17951,KUMLUCA,2019,4,15.0
17951,KUMLUCA,2019,5,20.3
17951,KUMLUCA,2019,6,25.0
17951,KUMLUCA,2019,7,26.6
17951,KUMLUCA,2019,8,27.5
17951,KUMLUCA,2019,9,24.3
17951,KUMLUCA,2019,10,20.9
17951,KUMLUCA,2019,11,16.6
17951,KUMLUCA,2019,12,11.8
17951,KUMLUCA,2019,13,18.5
17951,KUMLUCA,2020,1,9.6
17951,KUMLUCA,2020,2,10.9
17951,KUMLUCA,2020,3,13.3
17951,KUMLUCA,2020,4,15.5
17951,KUMLUCA,2020,5,20.4
17951,KUMLUCA,2020,6,22.8
17951,KUMLUCA,2020,7,27.6
17951,KUMLUCA,2020,8,27.7
17951,KUMLUCA,2020,9,26.1
17951,KUMLUCA,2020,10,21.0
17951,KUMLUCA,2020,11,15.6
17951,KUMLUCA,2020,12,12.6
17951,KUMLUCA,2020,13,18.7
17951,KUMLUCA,2021,1,10.9
17951,KUMLUCA,2021,2,11.4
17951,KUMLUCA,2021,3,11.8
17951,KUMLUCA,2021,4,15.6
17951,KUMLUCA,2021,5,20.9
17951,KUMLUCA,2021,6,23.5
17951,KUMLUCA,2021,7,28.5
17951,KUMLUCA,2021,8,28.8
17951,KUMLUCA,2021,9,24.0
17951,KUMLUCA,2021,10,19.6
17951,KUMLUCA,2021,11,16.8
17951,KUMLUCA,2021,12,11.2
17951,KUMLUCA,2021,13,18.7
17951,KUMLUCA,2022,1,8.6
17951,KUMLUCA,2022,2,10.9
17951,KUMLUCA,2022,3,9.2
17951,KUMLUCA,2022,4,16.5
17951,KUMLUCA,2022,5,20.4
17951,KUMLUCA,2022,6,24.3
17951,KUMLUCA,2022,7,27.4
17951,KUMLUCA,2022,8,27.2
17951,KUMLUCA,2022,9,24.3
17951,KUMLUCA,2022,10,20.2
17951,KUMLUCA,2022,11,15.4
17951,KUMLUCA,2022,12,13.1
17951,KUMLUCA,2022,13,18.2
17951,KUMLUCA,2023,1,10.6
17951,KUMLUCA,2023,2,9.1
17951,KUMLUCA,2023,3,13.6
17951,KUMLUCA,2023,4,15.3
17951,KUMLUCA,2023,5,19.8
17951,KUMLUCA,2023,6,24.2
17951,KUMLUCA,2023,7,29.4
17951,KUMLUCA,2023,8,27.7
17951,KUMLUCA,2023,9,25.1
17951,KUMLUCA,2023,10,20.9
17951,KUMLUCA,2023,11,16.9
17951,KUMLUCA,2023,12,13.7
17951,KUMLUCA,2023,13,19.0
17951,KUMLUCA,2024,1,11.9
17951,KUMLUCA,2024,2,12.2
17951,KUMLUCA,2024,3,13.8
17951,KUMLUCA,2024,4,19.1
17951,KUMLUCA,2024,5,21.0
17951,KUMLUCA,2024,6,28.1
17951,KUMLUCA,2024,7,29.3
17951,KUMLUCA,2024,8,28.4
17951,KUMLUCA,2024,9,25.0
17951,KUMLUCA,2024,10,19.9
17951,KUMLUCA,2024,11,14.4
17951,KUMLUCA,2024,12,11.6
17951,KUMLUCA,2024,13,19.6
17951,KUMLUCA,2025,1,11.4
17951,KUMLUCA,2025,2,11.7
17954,MANAVGAT,1959,1,9.0
17954,MANAVGAT,1959,2,3.2
17954,MANAVGAT,1959,3,8.8
17954,MANAVGAT,1959,4,14.0
17954,MANAVGAT,1959,5,18.4
17954,MANAVGAT,1959,6,18.7
17954,MANAVGAT,1959,7,25.8
17954,MANAVGAT,1959,8,26.0
17954,MANAVGAT,1959,9,21.3
17954,MANAVGAT,1959,10,13.9
17954,MANAVGAT,1959,11,10.7
17954,MANAVGAT,1959,12,7.6
17954,MANAVGAT,1960,1,6.3
17954,MANAVGAT,1960,2,10.4
17954,MANAVGAT,1960,3,10.0
17954,MANAVGAT,1960,4,14.5
17954,MANAVGAT,1960,5,20.3
17954,MANAVGAT,1960,6,22.9
17954,MANAVGAT,1960,7,26.4
17954,MANAVGAT,1960,8,27.5
17954,MANAVGAT,1960,9,19.8
17954,MANAVGAT,1960,10,14.4
17954,MANAVGAT,1960,11,13.0
17954,MANAVGAT,1960,12,11.7
17954,MANAVGAT,1960,13,16.7
17954,MANAVGAT,1961,1,6.0
17954,MANAVGAT,1961,2,7.0
17954,MANAVGAT,1961,3,8.9
17954,MANAVGAT,1961,4,14.6
17954,MANAVGAT,1961,5,18.6
17954,MANAVGAT,1961,6,24.7
17954,MANAVGAT,1961,7,27.4
17954,MANAVGAT,1961,8,27.6
17954,MANAVGAT,1961,9,21.4
17954,MANAVGAT,1961,10,15.9
17954,MANAVGAT,1961,11,12.7
17954,MANAVGAT,1961,12,9.6
17954,MANAVGAT,1961,13,16.2
17954,MANAVGAT,1962,1,8.1
17954,MANAVGAT,1962,2,8.2
17954,MANAVGAT,1962,3,10.8
17954,MANAVGAT,1962,4,14.3
17954,MANAVGAT,1962,5,17.7
17954,MANAVGAT,1962,6,24.1
17954,MANAVGAT,1962,7,26.2
17954,MANAVGAT,1962,8,28.0
17954,MANAVGAT,1962,9,20.9
17954,MANAVGAT,1962,10,16.8
17954,MANAVGAT,1962,11,14.5
17954,MANAVGAT,1962,12,11.3
17954,MANAVGAT,1963,1,12.4
17954,MANAVGAT,1963,2,12.9
17954,MANAVGAT,1963,3,12.4
17954,MANAVGAT,1963,4,16.1
17954,MANAVGAT,1963,5,19.2
17954,MANAVGAT,1963,6,23.9
17954,MANAVGAT,1963,7,27.4
17954,MANAVGAT,1963,8,29.0
17954,MANAVGAT,1963,9,25.2
17954,MANAVGAT,1963,10,21.1
17954,MANAVGAT,1963,11,15.4
17954,MANAVGAT,1963,12,11.9
17954,MANAVGAT,1963,13,18.9
17954,MANAVGAT,1964,1,8.0
17954,MANAVGAT,1964,2,10.3
17954,MANAVGAT,1964,3,13.5
17954,MANAVGAT,1964,4,15.5
17954,MANAVGAT,1964,5,18.1
17954,MANAVGAT,1964,6,23.6
17954,MANAVGAT,1964,7,26.7
17954,MANAVGAT,1964,8,27.1
17954,MANAVGAT,1964,9,24.2
17954,MANAVGAT,1964,10,21.2
17954,MANAVGAT,1964,11,15.3
17954,MANAVGAT,1964,12,12.3
17954,MANAVGAT,1964,13,18.0
17954,MANAVGAT,1965,1,10.4
17954,MANAVGAT,1965,2,10.7
17954,MANAVGAT,1965,3,13.5
17954,MANAVGAT,1965,4,15.9
17954,MANAVGAT,1965,5,19.4
17954,MANAVGAT,1965,6,25.3
17954,MANAVGAT,1965,7,27.0
17954,MANAVGAT,1965,8,26.6
17954,MANAVGAT,1965,9,23.7
17954,MANAVGAT,1965,10,17.9
17954,MANAVGAT,1965,11,14.4
17954,MANAVGAT,1965,12,12.1
17954,MANAVGAT,1965,13,18.1
17954,MANAVGAT,1966,1,12.0
17954,MANAVGAT,1966,2,12.8
17954,MANAVGAT,1966,3,13.1
17954,MANAVGAT,1966,4,16.5
17954,MANAVGAT,1966,5,19.6
17954,MANAVGAT,1966,6,23.8
17954,MANAVGAT,1966,7,26.9
17954,MANAVGAT,1966,8,27.2
17954,MANAVGAT,1966,9,24.2
17954,MANAVGAT,1966,10,21.4
17954,MANAVGAT,1966,11,17.4
17954,MANAVGAT,1966,12,12.5
17954,MANAVGAT,1966,13,19.0
17954,MANAVGAT,1967,1,10.1
17954,MANAVGAT,1967,2,9.1
17954,MANAVGAT,1967,3,11.7
17954,MANAVGAT,1967,4,15.3
17954,MANAVGAT,1967,5,19.6
17954,MANAVGAT,1967,6,23.6
17954,MANAVGAT,1967,7,27.9
17954,MANAVGAT,1967,8,28.2
17954,MANAVGAT,1967,9,23.9
17954,MANAVGAT,1967,10,19.6
17954,MANAVGAT,1967,11,14.0
17954,MANAVGAT,1967,12,12.3
17954,MANAVGAT,1967,13,18.0
17954,MANAVGAT,1968,1,9.6
17954,MANAVGAT,1968,2,11.1
17954,MANAVGAT,1968,3,12.6
17954,MANAVGAT,1968,4,17.4
17954,MANAVGAT,1968,5,22.3
17954,MANAVGAT,1968,6,24.5
17954,MANAVGAT,1968,7,27.2
17954,MANAVGAT,1968,8,25.5
17954,MANAVGAT,1968,9,22.4
17954,MANAVGAT,1968,10,18.8
17954,MANAVGAT,1968,11,14.9
17954,MANAVGAT,1968,12,12.4
17954,MANAVGAT,1968,13,18.2
17954,MANAVGAT,1969,1,10.2
17954,MANAVGAT,1969,2,11.3
17954,MANAVGAT,1969,3,13.7
17954,MANAVGAT,1969,4,14.5
17954,MANAVGAT,1969,5,20.7
17954,MANAVGAT,1969,6,24.5
17954,MANAVGAT,1969,7,26.2
17954,MANAVGAT,1969,8,26.4
17954,MANAVGAT,1969,9,24.4
17954,MANAVGAT,1969,10,20.1
17954,MANAVGAT,1969,11,14.7
17954,MANAVGAT,1969,12,12.6
17954,MANAVGAT,1969,13,18.3
17954,MANAVGAT,1970,1,11.7
17954,MANAVGAT,1970,2,12.4
17954,MANAVGAT,1970,3,13.9
17954,MANAVGAT,1970,4,17.4
17954,MANAVGAT,1970,5,18.8
17954,MANAVGAT,1970,6,24.1
17954,MANAVGAT,1970,7,26.3
17954,MANAVGAT,1970,8,27.2
17954,MANAVGAT,1970,9,23.6
17954,MANAVGAT,1970,10,18.6
17954,MANAVGAT,1970,11,15.7
17954,MANAVGAT,1970,12,10.5
17954,MANAVGAT,1970,13,18.4
17954,MANAVGAT,1971,1,12.3
17954,MANAVGAT,1971,2,10.5
17954,MANAVGAT,1971,3,12.8
17954,MANAVGAT,1971,4,15.2
17954,MANAVGAT,1971,5,20.5
17954,MANAVGAT,1971,6,24.4
17954,MANAVGAT,1971,7,26.1
17954,MANAVGAT,1971,8,27.1
17954,MANAVGAT,1971,9,23.9
17954,MANAVGAT,1971,10,18.8
17954,MANAVGAT,1971,11,14.7
17954,MANAVGAT,1971,12,10.7
17954,MANAVGAT,1971,13,18.1
17954,MANAVGAT,1972,1,8.7
17954,MANAVGAT,1972,2,9.1
17954,MANAVGAT,1972,3,12.9
17954,MANAVGAT,1972,4,16.9
17954,MANAVGAT,1972,5,19.3
17954,MANAVGAT,1972,6,23.7
17954,MANAVGAT,1972,7,25.5
17954,MANAVGAT,1972,8,26.1
17954,MANAVGAT,1972,9,23.8
17954,MANAVGAT,1972,10,19.5
17954,MANAVGAT,1972,11,14.5
17954,MANAVGAT,1972,12,10.4
17954,MANAVGAT,1972,13,17.5
17954,MANAVGAT,1973,1,9.9
17954,MANAVGAT,1973,2,12.0
17954,MANAVGAT,1973,3,12.7
17954,MANAVGAT,1973,4,15.5
17954,MANAVGAT,1973,5,21.1
17954,MANAVGAT,1973,6,25.3
17954,MANAVGAT,1973,7,27.5
17954,MANAVGAT,1973,8,27.3
17954,MANAVGAT,1973,9,25.9
17954,MANAVGAT,1973,10,21.5
17954,MANAVGAT,1973,11,14.1
17954,MANAVGAT,1973,12,12.9
17954,MANAVGAT,1973,13,18.8
17954,MANAVGAT,1974,1,8.7
17954,MANAVGAT,1974,2,11.6
17954,MANAVGAT,1974,3,14.5
17954,MANAVGAT,1974,4,15.7
17954,MANAVGAT,1974,5,19.2
17954,MANAVGAT,1974,6,23.7
17954,MANAVGAT,1974,7,28.8
17954,MANAVGAT,1974,8,27.2
17954,MANAVGAT,1974,9,25.6
17954,MANAVGAT,1974,10,21.9
17954,MANAVGAT,1974,11,16.3
17954,MANAVGAT,1974,12,11.6
17954,MANAVGAT,1974,13,18.8
17954,MANAVGAT,1975,1,10.7
17954,MANAVGAT,1975,2,10.0
17954,MANAVGAT,1975,3,13.9
17954,MANAVGAT,1975,4,17.9
17954,MANAVGAT,1975,5,19.3
17954,MANAVGAT,1975,6,23.8
17954,MANAVGAT,1975,7,27.1
17954,MANAVGAT,1975,8,26.8
17954,MANAVGAT,1975,9,26.2
17954,MANAVGAT,1975,10,21.0
17954,MANAVGAT,1975,11,15.9
17954,MANAVGAT,1975,12,11.2
17954,MANAVGAT,1975,13,18.7
17954,MANAVGAT,1976,1,10.4
17954,MANAVGAT,1976,2,9.1
17954,MANAVGAT,1976,3,13.1
17954,MANAVGAT,1976,4,16.0
17954,MANAVGAT,1976,5,20.3
17954,MANAVGAT,1976,6,23.4
17954,MANAVGAT,1976,7,26.2
17954,MANAVGAT,1976,8,26.8
17954,MANAVGAT,1976,9,23.7
17954,MANAVGAT,1976,10,20.7
17954,MANAVGAT,1976,11,16.6
17954,MANAVGAT,1976,12,12.8
17954,MANAVGAT,1976,13,18.3
17954,MANAVGAT,1977,1,9.8
17954,MANAVGAT,1977,2,12.9
17954,MANAVGAT,1977,3,13.0
17954,MANAVGAT,1977,4,16.1
17954,MANAVGAT,1977,5,20.8
17954,MANAVGAT,1977,6,23.9
17954,MANAVGAT,1977,7,28.4
17954,MANAVGAT,1977,8,27.6
17954,MANAVGAT,1977,9,24.5
17954,MANAVGAT,1977,10,19.7
17954,MANAVGAT,1977,11,16.6
17954,MANAVGAT,1977,12,10.6
17954,MANAVGAT,1977,13,18.7
17954,MANAVGAT,1978,1,11.3
17954,MANAVGAT,1978,2,11.8
17954,MANAVGAT,1978,3,13.2
17954,MANAVGAT,1978,4,15.8
17954,MANAVGAT,1978,5,20.2
17954,MANAVGAT,1978,6,25.1
17954,MANAVGAT,1978,7,28.5
17954,MANAVGAT,1978,8,26.9
17954,MANAVGAT,1978,9,23.7
17954,MANAVGAT,1978,10,20.8
17954,MANAVGAT,1978,11,15.6
17954,MANAVGAT,1978,12,12.5
17954,MANAVGAT,1978,13,18.8
17954,MANAVGAT,1979,1,11.3
17954,MANAVGAT,1979,2,12.8
17954,MANAVGAT,1979,3,13.9
17954,MANAVGAT,1979,4,16.3
17954,MANAVGAT,1979,5,19.5
17954,MANAVGAT,1979,6,25.4
17954,MANAVGAT,1979,7,27.8
17954,MANAVGAT,1979,8,26.4
17954,MANAVGAT,1979,9,26.1
17954,MANAVGAT,1979,10,20.7
17954,MANAVGAT,1979,11,16.2
17954,MANAVGAT,1979,12,12.1
17954,MANAVGAT,1979,13,19.1
17954,MANAVGAT,1980,1,9.4
17954,MANAVGAT,1980,2,9.8
17954,MANAVGAT,1980,3,12.0
17954,MANAVGAT,1980,4,15.4
17954,MANAVGAT,1980,5,18.8
17954,MANAVGAT,1980,6,23.9
17954,MANAVGAT,1980,7,26.7
17954,MANAVGAT,1980,8,28.2
17954,MANAVGAT,1980,9,24.5
17954,MANAVGAT,1980,10,21.2
17954,MANAVGAT,1980,11,16.9
17954,MANAVGAT,1980,12,12.4
17954,MANAVGAT,1980,13,18.3
17954,MANAVGAT,1981,1,9.9
17954,MANAVGAT,1981,2,10.8
17954,MANAVGAT,1981,3,14.3
17954,MANAVGAT,1981,4,16.9
17954,MANAVGAT,1981,5,18.9
17954,MANAVGAT,1981,6,25.8
17954,MANAVGAT,1981,7,28.3
17954,MANAVGAT,1981,8,28.6
17954,MANAVGAT,1981,9,25.5
17954,MANAVGAT,1981,10,22.6
17954,MANAVGAT,1981,11,14.4
17954,MANAVGAT,1981,12,13.6
17954,MANAVGAT,1981,13,19.2
17954,MANAVGAT,1982,1,11.4
17954,MANAVGAT,1982,2,9.3
17954,MANAVGAT,1982,3,11.9
17954,MANAVGAT,1982,4,16.0
17954,MANAVGAT,1982,5,20.5
17954,MANAVGAT,1982,6,23.6
17954,MANAVGAT,1982,7,26.4
17954,MANAVGAT,1982,8,27.3
17954,MANAVGAT,1982,9,26.5
17954,MANAVGAT,1982,10,20.7
17954,MANAVGAT,1982,11,14.4
17954,MANAVGAT,1982,12,11.1
17954,MANAVGAT,1982,13,18.3
17954,MANAVGAT,1983,1,8.4
17954,MANAVGAT,1983,2,9.1
17954,MANAVGAT,1983,3,11.3
17954,MANAVGAT,1983,4,15.9
17954,MANAVGAT,1983,5,20.3
17954,MANAVGAT,1983,6,23.1
17954,MANAVGAT,1983,7,26.6
17954,MANAVGAT,1983,8,26.8
17954,MANAVGAT,1983,9,24.0
17954,MANAVGAT,1983,10,19.8
17954,MANAVGAT,1983,11,16.5
17954,MANAVGAT,1983,12,12.6
17954,MANAVGAT,1983,13,17.9
17954,MANAVGAT,1984,1,11.7
17954,MANAVGAT,1984,2,12.2
17954,MANAVGAT,1984,3,12.9
17954,MANAVGAT,1984,4,15.0
17954,MANAVGAT,1984,5,20.2
17954,MANAVGAT,1984,6,23.8
17954,MANAVGAT,1984,7,27.2
17954,MANAVGAT,1984,8,26.4
17954,MANAVGAT,1984,9,23.9
17954,MANAVGAT,1984,10,21.8
17954,MANAVGAT,1984,11,14.6
17954,MANAVGAT,1984,12,10.6
17954,MANAVGAT,1984,13,18.4
17954,MANAVGAT,1985,1,12.0
17954,MANAVGAT,1985,2,8.3
17954,MANAVGAT,1985,3,12.7
17954,MANAVGAT,1985,4,16.1
17954,MANAVGAT,1985,5,20.6
17954,MANAVGAT,1985,6,23.8
17954,MANAVGAT,1985,7,27.7
17954,MANAVGAT,1985,8,27.9
17954,MANAVGAT,1985,9,25.7
17954,MANAVGAT,1985,10,19.1
17954,MANAVGAT,1985,11,16.6
17954,MANAVGAT,1985,12,11.7
17954,MANAVGAT,1985,13,18.6
17954,MANAVGAT,1986,1,11.0
17954,MANAVGAT,1986,2,11.9
17954,MANAVGAT,1986,3,14.4
17954,MANAVGAT,1986,4,18.3
17954,MANAVGAT,1986,5,19.9
17954,MANAVGAT,1986,6,24.9
17954,MANAVGAT,1986,7,27.0
17954,MANAVGAT,1986,8,27.2
17954,MANAVGAT,1986,9,25.8
17954,MANAVGAT,1986,10,20.8
17954,MANAVGAT,1986,11,14.6
17954,MANAVGAT,1986,12,11.6
17954,MANAVGAT,1986,13,19.0
17954,MANAVGAT,1987,1,11.6
17954,MANAVGAT,1987,2,12.3
17954,MANAVGAT,1987,3,9.8
17954,MANAVGAT,1987,4,14.5
17954,MANAVGAT,1987,5,18.3
17954,MANAVGAT,1987,6,23.8
17954,MANAVGAT,1987,7,28.2
17954,MANAVGAT,1987,8,27.4
17954,MANAVGAT,1987,9,25.6
17954,MANAVGAT,1987,10,20.5
17954,MANAVGAT,1987,11,14.8
17954,MANAVGAT,1987,12,12.1
17954,MANAVGAT,1987,13,18.3
17954,MANAVGAT,1988,1,11.2
17954,MANAVGAT,1988,2,10.9
17954,MANAVGAT,1988,3,11.7
17954,MANAVGAT,1988,4,16.0
17954,MANAVGAT,1988,5,20.2
17954,MANAVGAT,1988,6,24.5
17954,MANAVGAT,1988,7,30.1
17954,MANAVGAT,1988,8,28.6
17954,MANAVGAT,1988,9,25.8
17954,MANAVGAT,1988,10,20.2
17954,MANAVGAT,1988,11,13.0
17954,MANAVGAT,1988,12,12.1
17954,MANAVGAT,1988,13,18.7
17954,MANAVGAT,1989,1,8.8
17954,MANAVGAT,1989,2,10.2
17954,MANAVGAT,1989,3,13.7
17954,MANAVGAT,1989,4,18.4
17954,MANAVGAT,1989,5,21.1
17954,MANAVGAT,1989,6,23.4
17954,MANAVGAT,1989,7,27.8
17954,MANAVGAT,1989,8,27.2
17954,MANAVGAT,1989,9,24.8
17954,MANAVGAT,1989,10,19.4
17954,MANAVGAT,1989,11,15.2
17954,MANAVGAT,1989,12,11.6
17954,MANAVGAT,1989,13,18.5
17954,MANAVGAT,1990,1,9.0
17954,MANAVGAT,1990,2,11.1
17954,MANAVGAT,1990,3,13.6
17954,MANAVGAT,1990,4,15.9
17954,MANAVGAT,1990,5,20.1
17954,MANAVGAT,1990,6,24.1
17954,MANAVGAT,1990,7,27.1
17954,MANAVGAT,1990,8,27.3
17954,MANAVGAT,1990,9,24.1
17954,MANAVGAT,1990,10,21.7
17954,MANAVGAT,1990,11,16.6
17954,MANAVGAT,1990,12,12.6
17954,MANAVGAT,1990,13,18.7
17954,MANAVGAT,1991,1,10.1
17954,MANAVGAT,1991,2,10.1
17954,MANAVGAT,1991,3,14.0
17954,MANAVGAT,1991,4,16.5
17954,MANAVGAT,1991,5,18.6
17954,MANAVGAT,1991,6,24.1
17954,MANAVGAT,1991,7,26.9
17954,MANAVGAT,1991,8,27.4
17954,MANAVGAT,1991,9,25.3
17954,MANAVGAT,1991,10,21.3
17954,MANAVGAT,1991,11,15.6
17954,MANAVGAT,1991,12,10.2
17954,MANAVGAT,1991,13,18.4
17954,MANAVGAT,1992,1,9.5
17954,MANAVGAT,1992,2,7.6
17954,MANAVGAT,1992,3,11.4
17954,MANAVGAT,1992,4,15.3
17954,MANAVGAT,1992,5,19.0
17954,MANAVGAT,1992,6,23.3
17954,MANAVGAT,1992,7,26.2
17954,MANAVGAT,1992,8,28.4
17954,MANAVGAT,1992,9,25.2
17954,MANAVGAT,1992,10,21.4
17954,MANAVGAT,1992,11,15.5
17954,MANAVGAT,1992,12,9.7
17954,MANAVGAT,1992,13,17.7
17954,MANAVGAT,1993,1,9.3
17954,MANAVGAT,1993,2,8.8
17954,MANAVGAT,1993,3,11.8
17954,MANAVGAT,1993,4,15.5
17954,MANAVGAT,1993,5,18.4
17954,MANAVGAT,1993,6,24.7
17954,MANAVGAT,1993,7,28.1
17954,MANAVGAT,1993,8,28.1
17954,MANAVGAT,1993,9,24.3
17954,MANAVGAT,1993,10,23.2
17954,MANAVGAT,1993,11,14.8
17954,MANAVGAT,1993,12,13.0
17954,MANAVGAT,1993,13,18.4
17954,MANAVGAT,1994,1,11.7
17954,MANAVGAT,1994,2,10.8
17954,MANAVGAT,1994,3,13.0
17954,MANAVGAT,1994,4,17.3
17954,MANAVGAT,1994,5,20.8
17954,MANAVGAT,1994,6,25.1
17954,MANAVGAT,1994,7,26.9
17954,MANAVGAT,1994,8,28.7
17954,MANAVGAT,1994,9,27.2
17954,MANAVGAT,1994,10,22.7
17954,MANAVGAT,1994,11,14.7
17954,MANAVGAT,1994,12,10.5
17954,MANAVGAT,1994,13,19.2
17954,MANAVGAT,1995,1,10.9
17954,MANAVGAT,1995,2,12.1
17954,MANAVGAT,1995,3,13.3
17954,MANAVGAT,1995,4,15.2
17954,MANAVGAT,1995,5,20.2
17954,MANAVGAT,1995,6,25.2
17954,MANAVGAT,1995,7,28.6
17954,MANAVGAT,1995,8,28.1
17954,MANAVGAT,1995,9,25.4
17954,MANAVGAT,1995,10,20.2
17954,MANAVGAT,1995,11,13.1
17954,MANAVGAT,1995,12,12.3
17954,MANAVGAT,1995,13,18.8
17954,MANAVGAT,1996,1,9.8
17954,MANAVGAT,1996,2,11.8
17954,MANAVGAT,1996,3,12.3
17954,MANAVGAT,1996,4,14.6
17954,MANAVGAT,1996,5,21.5
17954,MANAVGAT,1996,6,25.8
17954,MANAVGAT,1996,7,27.9
17954,MANAVGAT,1996,8,27.7
17954,MANAVGAT,1996,9,24.2
17954,MANAVGAT,1996,10,19.2
17954,MANAVGAT,1996,11,16.9
17954,MANAVGAT,1996,12,13.7
17954,MANAVGAT,1996,13,18.8
17954,MANAVGAT,1997,1,11.8
17954,MANAVGAT,1997,2,9.9
17954,MANAVGAT,1997,3,11.7
17954,MANAVGAT,1997,4,13.6
17954,MANAVGAT,1997,5,20.6
17954,MANAVGAT,1997,6,24.8
17954,MANAVGAT,1997,7,28.4
17954,MANAVGAT,1997,8,26.3
17954,MANAVGAT,1997,9,24.3
17954,MANAVGAT,1997,10,19.9
17954,MANAVGAT,1997,11,16.1
17954,MANAVGAT,1997,12,12.8
17954,MANAVGAT,1997,13,18.4
17954,MANAVGAT,1998,1,10.7
17954,MANAVGAT,1998,2,11.7
17954,MANAVGAT,1998,3,11.7
17954,MANAVGAT,1998,4,17.1
17954,MANAVGAT,1998,5,20.1
17954,MANAVGAT,1998,6,25.6
17954,MANAVGAT,1998,7,29.4
17954,MANAVGAT,1998,8,30.6
17954,MANAVGAT,1998,9,26.1
17954,MANAVGAT,1998,10,22.2
17954,MANAVGAT,1998,11,17.1
17954,MANAVGAT,1998,12,12.6
17954,MANAVGAT,1998,13,19.6
17954,MANAVGAT,1999,1,12.4
17954,MANAVGAT,1999,2,11.8
17954,MANAVGAT,1999,3,13.3
17954,MANAVGAT,1999,4,16.5
17954,MANAVGAT,1999,5,21.9
17954,MANAVGAT,1999,6,25.8
17954,MANAVGAT,1999,7,28.6
17954,MANAVGAT,1999,8,28.5
17954,MANAVGAT,1999,9,25.5
17954,MANAVGAT,1999,10,21.6
17954,MANAVGAT,1999,11,16.7
17954,MANAVGAT,1999,12,13.6
17954,MANAVGAT,1999,13,19.7
17954,MANAVGAT,2000,1,8.7
17954,MANAVGAT,2000,2,10.8
17954,MANAVGAT,2000,3,11.9
17954,MANAVGAT,2000,4,16.7
17954,MANAVGAT,2000,5,20.6
17954,MANAVGAT,2000,6,27.2
17954,MANAVGAT,2000,7,29.5
17954,MANAVGAT,2000,8,28.7
17954,MANAVGAT,2000,9,26.2
17954,MANAVGAT,2000,10,21.1
17954,MANAVGAT,2000,11,17.2
17954,MANAVGAT,2000,12,12.6
17954,MANAVGAT,2000,13,19.3
17954,MANAVGAT,2001,1,12.2
17954,MANAVGAT,2001,2,11.9
17954,MANAVGAT,2001,3,16.1
17954,MANAVGAT,2001,4,17.0
17954,MANAVGAT,2001,5,21.5
17954,MANAVGAT,2001,6,25.1
17954,MANAVGAT,2001,7,27.8
17954,MANAVGAT,2001,8,28.4
17954,MANAVGAT,2001,9,25.4
17954,MANAVGAT,2001,10,21.6
17954,MANAVGAT,2001,11,15.3
17954,MANAVGAT,2001,12,12.1
17954,MANAVGAT,2001,13,19.6
17954,MANAVGAT,2002,1,9.6
17954,MANAVGAT,2002,2,12.8
17954,MANAVGAT,2002,3,14.7
17954,MANAVGAT,2002,4,15.6
17954,MANAVGAT,2002,5,19.9
17954,MANAVGAT,2002,6,25.6
17954,MANAVGAT,2002,7,28.9
17954,MANAVGAT,2002,8,28.5
17954,MANAVGAT,2002,9,25.0
17954,MANAVGAT,2002,10,21.4
17954,MANAVGAT,2002,11,17.0
17954,MANAVGAT,2002,12,11.2
17954,MANAVGAT,2002,13,19.2
17954,MANAVGAT,2003,1,12.9
17954,MANAVGAT,2003,2,9.8
17954,MANAVGAT,2003,3,11.7
17954,MANAVGAT,2003,4,15.9
17954,MANAVGAT,2003,5,23.0
17954,MANAVGAT,2003,6,25.9
17954,MANAVGAT,2003,7,29.2
17954,MANAVGAT,2003,8,30.0
17954,MANAVGAT,2003,9,26.6
17954,MANAVGAT,2003,10,22.5
17954,MANAVGAT,2003,11,16.8
17954,MANAVGAT,2003,12,12.8
17954,MANAVGAT,2003,13,19.8
17954,MANAVGAT,2004,1,10.3
17954,MANAVGAT,2004,2,11.1
17954,MANAVGAT,2004,3,14.2
17954,MANAVGAT,2004,4,16.7
17954,MANAVGAT,2004,5,20.5
17954,MANAVGAT,2004,6,24.8
17954,MANAVGAT,2004,7,28.9
17954,MANAVGAT,2004,8,28.1
17954,MANAVGAT,2004,9,26.2
17954,MANAVGAT,2004,10,22.4
17954,MANAVGAT,2004,11,16.2
17954,MANAVGAT,2004,12,12.4
17954,MANAVGAT,2004,13,19.4
17954,MANAVGAT,2005,1,11.8
17954,MANAVGAT,2005,2,11.3
17954,MANAVGAT,2005,3,13.9
17954,MANAVGAT,2005,4,16.9
17954,MANAVGAT,2005,5,20.6
17954,MANAVGAT,2005,6,24.6
17954,MANAVGAT,2005,7,28.0
17954,MANAVGAT,2005,8,29.3
17954,MANAVGAT,2005,9,25.4
17954,MANAVGAT,2005,10,19.7
17954,MANAVGAT,2005,11,14.1
17954,MANAVGAT,2005,12,12.7
17954,MANAVGAT,2005,13,19.1
17954,MANAVGAT,2006,1,10.1
17954,MANAVGAT,2006,2,11.3
17954,MANAVGAT,2006,3,13.3
17954,MANAVGAT,2006,4,17.4
17954,MANAVGAT,2006,5,20.2
17954,MANAVGAT,2006,6,24.5
17954,MANAVGAT,2006,7,27.7
17954,MANAVGAT,2006,8,28.2
17954,MANAVGAT,2006,9,25.6
17954,MANAVGAT,2006,10,20.1
17954,MANAVGAT,2006,11,14.5
17954,MANAVGAT,2006,12,11.7
17954,MANAVGAT,2006,13,18.8
17954,MANAVGAT,2007,1,10.7
17954,MANAVGAT,2007,2,11.3
17954,MANAVGAT,2007,3,13.6
17954,MANAVGAT,2007,4,15.9
17954,MANAVGAT,2007,5,21.3
17954,MANAVGAT,2007,6,26.3
17954,MANAVGAT,2007,7,29.4
17954,MANAVGAT,2007,8,28.8
17954,MANAVGAT,2007,9,25.7
17954,MANAVGAT,2007,10,22.1
17954,MANAVGAT,2007,11,16.0
17954,MANAVGAT,2007,12,12.4
17954,MANAVGAT,2007,13,19.5
17954,MANAVGAT,2008,1,9.9
17954,MANAVGAT,2008,2,10.5
17954,MANAVGAT,2008,3,14.9
17954,MANAVGAT,2008,4,16.9
17954,MANAVGAT,2008,5,20.4
17954,MANAVGAT,2008,6,26.8
17954,MANAVGAT,2008,7,28.7
17954,MANAVGAT,2008,8,29.7
17954,MANAVGAT,2008,9,25.5
17954,MANAVGAT,2008,10,21.3
17954,MANAVGAT,2008,11,17.5
17954,MANAVGAT,2008,12,12.2
17954,MANAVGAT,2008,13,19.6
17954,MANAVGAT,2009,1,12.1
17954,MANAVGAT,2009,2,11.6
17954,MANAVGAT,2009,3,13.2
17954,MANAVGAT,2009,4,17.2
17954,MANAVGAT,2009,5,20.9
17954,MANAVGAT,2009,6,26.5
17954,MANAVGAT,2009,7,29.3
17954,MANAVGAT,2009,8,29.0
17954,MANAVGAT,2009,9,24.9
17954,MANAVGAT,2009,10,22.4
17954,MANAVGAT,2009,11,16.4
17954,MANAVGAT,2009,12,14.5
17954,MANAVGAT,2009,13,20.5
17954,MANAVGAT,2010,1,12.3
17954,MANAVGAT,2010,2,12.7
17954,MANAVGAT,2010,3,15.3
17954,MANAVGAT,2010,4,17.7
17954,MANAVGAT,2010,5,21.1
17954,MANAVGAT,2010,6,24.9
17954,MANAVGAT,2010,7,27.6
17954,MANAVGAT,2010,8,30.2
17954,MANAVGAT,2010,9,26.6
17954,MANAVGAT,2010,10,21.3
17954,MANAVGAT,2010,11,18.3
17954,MANAVGAT,2010,12,14.2
17954,MANAVGAT,2010,13,20.1
17954,MANAVGAT,2011,1,11.4
17954,MANAVGAT,2011,2,11.9
17954,MANAVGAT,2011,3,13.7
17954,MANAVGAT,2011,4,16.5
17954,MANAVGAT,2011,5,20.2
17954,MANAVGAT,2011,6,25.0
17954,MANAVGAT,2011,7,28.3
17954,MANAVGAT,2011,8,29.4
17954,MANAVGAT,2011,9,26.9
17954,MANAVGAT,2011,10,20.4
17954,MANAVGAT,2011,11,14.6
17954,MANAVGAT,2011,12,12.1
17954,MANAVGAT,2011,13,19.3
17954,MANAVGAT,2012,1,9.8
17954,MANAVGAT,2012,2,10.2
17954,MANAVGAT,2012,3,13.1
17954,MANAVGAT,2012,4,17.3
17954,MANAVGAT,2012,5,20.8
17954,MANAVGAT,2012,6,26.3
17954,MANAVGAT,2012,7,30.2
17954,MANAVGAT,2012,8,30.9
17954,MANAVGAT,2012,9,26.7
17954,MANAVGAT,2012,10,22.4
17954,MANAVGAT,2012,11,17.7
17954,MANAVGAT,2012,12,13.0
17954,MANAVGAT,2012,13,19.9
17954,MANAVGAT,2013,1,11.6
17954,MANAVGAT,2013,2,13.2
17954,MANAVGAT,2013,3,14.6
17954,MANAVGAT,2013,4,17.9
17954,MANAVGAT,2013,5,22.5
17954,MANAVGAT,2013,6,24.8
17954,MANAVGAT,2013,7,29.0
17954,MANAVGAT,2013,8,29.9
17954,MANAVGAT,2013,9,25.7
17954,MANAVGAT,2013,10,20.2
17954,MANAVGAT,2013,11,17.0
17954,MANAVGAT,2013,12,10.6
17954,MANAVGAT,2013,13,19.6
17954,MANAVGAT,2014,1,12.2
17954,MANAVGAT,2014,2,12.6
17954,MANAVGAT,2014,3,14.5
17954,MANAVGAT,2014,4,17.1
17954,MANAVGAT,2014,5,20.3
17954,MANAVGAT,2014,6,25.2
17954,MANAVGAT,2014,7,27.9
17954,MANAVGAT,2014,8,29.1
17954,MANAVGAT,2014,9,25.9
17954,MANAVGAT,2014,10,20.8
17954,MANAVGAT,2014,11,15.2
17954,MANAVGAT,2014,12,13.5
17954,MANAVGAT,2014,13,19.6
17954,MANAVGAT,2015,1,10.1
17954,MANAVGAT,2015,2,10.9
17954,MANAVGAT,2015,3,13.6
17954,MANAVGAT,2015,4,15.9
17954,MANAVGAT,2015,5,21.2
17954,MANAVGAT,2015,6,23.7
17954,MANAVGAT,2015,7,27.6
17954,MANAVGAT,2015,8,29.4
17954,MANAVGAT,2015,9,26.4
17954,MANAVGAT,2015,10,21.9
17954,MANAVGAT,2015,11,17.1
17954,MANAVGAT,2015,12,12.6
17954,MANAVGAT,2015,13,19.2
17954,MANAVGAT,2016,1,10.3
17954,MANAVGAT,2016,2,14.3
17954,MANAVGAT,2016,3,15.1
17954,MANAVGAT,2016,4,19.3
17954,MANAVGAT,2016,5,20.8
17954,MANAVGAT,2016,6,27.2
17954,MANAVGAT,2016,7,29.9
17954,MANAVGAT,2016,8,29.6
17954,MANAVGAT,2016,9,26.2
17954,MANAVGAT,2016,10,22.7
17954,MANAVGAT,2016,11,16.8
17954,MANAVGAT,2016,12,10.3
17954,MANAVGAT,2016,13,20.2
17954,MANAVGAT,2017,1,9.6
17954,MANAVGAT,2017,2,11.6
17954,MANAVGAT,2017,3,14.8
17954,MANAVGAT,2017,4,17.2
17954,MANAVGAT,2017,5,21.3
17954,MANAVGAT,2017,6,26.1
17954,MANAVGAT,2017,7,30.5
17954,MANAVGAT,2017,8,29.3
17954,MANAVGAT,2017,9,26.8
17954,MANAVGAT,2017,10,21.3
17954,MANAVGAT,2017,11,15.8
17954,MANAVGAT,2017,12,13.7
17954,MANAVGAT,2017,13,19.9
17954,MANAVGAT,2018,1,12.1
17954,MANAVGAT,2018,2,14.0
17954,MANAVGAT,2018,3,16.0
17954,MANAVGAT,2018,4,19.5
17954,MANAVGAT,2018,5,24.0
17954,MANAVGAT,2018,6,26.5
17954,MANAVGAT,2018,7,29.7
17954,MANAVGAT,2018,8,29.6
17954,MANAVGAT,2018,9,27.5
17954,MANAVGAT,2018,10,22.3
17954,MANAVGAT,2018,11,17.4
17954,MANAVGAT,2018,12,12.5
17954,MANAVGAT,2018,13,21.0
17954,MANAVGAT,2019,1,10.4
17954,MANAVGAT,2019,2,12.3
17954,MANAVGAT,2019,3,14.2
17954,MANAVGAT,2019,4,16.7
17954,MANAVGAT,2019,5,22.1
17954,MANAVGAT,2019,6,26.4
17954,MANAVGAT,2019,7,28.8
17954,MANAVGAT,2019,8,30.0
17954,MANAVGAT,2019,9,26.4
17954,MANAVGAT,2019,10,23.5
17954,MANAVGAT,2019,11,18.0
17954,MANAVGAT,2019,12,12.9
17954,MANAVGAT,2019,13,20.2
17954,MANAVGAT,2020,1,11.1
17954,MANAVGAT,2020,2,11.8
17954,MANAVGAT,2020,3,14.7
17954,MANAVGAT,2020,4,17.4
17954,MANAVGAT,2020,5,22.5
17954,MANAVGAT,2020,6,24.6
17954,MANAVGAT,2020,7,29.3
17954,MANAVGAT,2020,8,29.6
17954,MANAVGAT,2020,9,28.5
17954,MANAVGAT,2020,10,23.8
17954,MANAVGAT,2020,11,18.1
17954,MANAVGAT,2020,12,14.3
17954,MANAVGAT,2020,13,20.5
17954,MANAVGAT,2021,1,12.4
17954,MANAVGAT,2021,2,13.4
17954,MANAVGAT,2021,3,13.6
17954,MANAVGAT,2021,4,16.7
17954,MANAVGAT,2021,5,23.0
17954,MANAVGAT,2021,6,25.8
17954,MANAVGAT,2021,7,30.9
17954,MANAVGAT,2021,8,31.2
17954,MANAVGAT,2021,9,26.2
17954,MANAVGAT,2021,10,22.1
17954,MANAVGAT,2021,11,18.3
17954,MANAVGAT,2021,12,12.6
17954,MANAVGAT,2021,13,20.6
17954,MANAVGAT,2022,1,9.6
17954,MANAVGAT,2022,2,12.4
17954,MANAVGAT,2022,3,11.1
17954,MANAVGAT,2022,4,18.5
17954,MANAVGAT,2022,5,22.7
17954,MANAVGAT,2022,6,26.5
17954,MANAVGAT,2022,7,30.9
17954,MANAVGAT,2022,8,29.0
17954,MANAVGAT,2022,9,26.6
17954,MANAVGAT,2022,10,22.6
17954,MANAVGAT,2022,11,17.8
17954,MANAVGAT,2022,12,14.9
17954,MANAVGAT,2022,13,20.3
17954,MANAVGAT,2023,1,13.0
17954,MANAVGAT,2023,2,10.9
17954,MANAVGAT,2023,3,15.2
17954,MANAVGAT,2023,4,16.9
17954,MANAVGAT,2023,5,21.0
17954,MANAVGAT,2023,6,25.6
17954,MANAVGAT,2023,7,31.6
17954,MANAVGAT,2023,8,29.5
17954,MANAVGAT,2023,9,27.5
17954,MANAVGAT,2023,10,23.3
17954,MANAVGAT,2023,11,18.7
17954,MANAVGAT,2023,12,15.0
17954,MANAVGAT,2023,13,20.7
17954,MANAVGAT,2024,1,13.6
17954,MANAVGAT,2024,2,13.8
17954,MANAVGAT,2024,3,15.8
17954,MANAVGAT,2024,4,20.9
17954,MANAVGAT,2024,5,22.1
17954,MANAVGAT,2024,6,29.7
17954,MANAVGAT,2024,7,31.6
17954,MANAVGAT,2024,8,30.5
17954,MANAVGAT,2024,9,27.1
17954,MANAVGAT,2024,10,22.8
17954,MANAVGAT,2024,11,17.2
17954,MANAVGAT,2024,12,13.3
17954,MANAVGAT,2024,13,21.5
17954,MANAVGAT,2025,1,13.4
17954,MANAVGAT,2025,2,13.2
17960,CEYHAN,1959,1,6.8
17960,CEYHAN,1959,2,-1.2
17960,CEYHAN,1959,3,5.6
17960,CEYHAN,1959,4,13.0
17960,CEYHAN,1959,5,16.5
17960,CEYHAN,1959,6,20.4
17960,CEYHAN,1959,7,24.1
17960,CEYHAN,1959,8,22.5
17960,CEYHAN,1959,9,16.2
17960,CEYHAN,1959,10,10.2
17960,CEYHAN,1959,11,5.8
17960,CEYHAN,1959,12,1.9
17960,CEYHAN,1959,13,11.9
17960,CEYHAN,1961,1,0.9
17960,CEYHAN,1961,2,2.7
17960,CEYHAN,1961,3,3.6
17960,CEYHAN,1961,4,11.5
17960,CEYHAN,1961,5,17.0
17960,CEYHAN,1961,6,21.9
17960,CEYHAN,1961,7,24.2
17960,CEYHAN,1961,8,23.6
17960,CEYHAN,1961,9,15.4
17960,CEYHAN,1961,10,10.4
17960,CEYHAN,1961,11,6.9
17960,CEYHAN,1961,12,5.2
17960,CEYHAN,1961,13,12.0
17960,CEYHAN,1964,1,4.6
17960,CEYHAN,1964,2,9.3
17960,CEYHAN,1964,3,14.1
17960,CEYHAN,1964,4,16.7
17960,CEYHAN,1964,5,19.7
17960,CEYHAN,1964,6,24.5
17960,CEYHAN,1964,7,26.8
17960,CEYHAN,1964,8,27.8
17960,CEYHAN,1964,9,24.7
17960,CEYHAN,1964,10,21.2
17960,CEYHAN,1964,11,14.5
17960,CEYHAN,1964,12,10.3
17960,CEYHAN,1964,13,17.9
17960,CEYHAN,1966,1,11.0
17960,CEYHAN,1966,2,12.9
17960,CEYHAN,1966,3,13.1
17960,CEYHAN,1966,4,17.9
17960,CEYHAN,1966,5,21.2
17960,CEYHAN,1966,6,25.7
17960,CEYHAN,1966,7,27.9
17960,CEYHAN,1966,8,29.0
17960,CEYHAN,1966,9,25.1
17960,CEYHAN,1966,10,21.8
17960,CEYHAN,1966,11,18.2
17960,CEYHAN,1966,12,11.0
17960,CEYHAN,1966,13,19.6
17960,CEYHAN,1967,1,8.5
17960,CEYHAN,1967,2,7.4
17960,CEYHAN,1967,3,11.4
17960,CEYHAN,1967,4,15.8
17960,CEYHAN,1967,5,21.0
17960,CEYHAN,1967,6,24.7
17960,CEYHAN,1967,7,28.0
17960,CEYHAN,1967,8,28.2
17960,CEYHAN,1967,9,25.2
17960,CEYHAN,1967,10,21.0
17960,CEYHAN,1967,11,13.7
17960,CEYHAN,1967,12,10.5
17960,CEYHAN,1967,13,18.0
17960,CEYHAN,1968,1,6.8
17960,CEYHAN,1968,2,9.5
17960,CEYHAN,1968,3,12.9
17960,CEYHAN,1968,4,19.4
17960,CEYHAN,1968,5,23.7
17960,CEYHAN,1968,6,25.8
17960,CEYHAN,1968,7,28.7
17960,CEYHAN,1968,8,26.5
17960,CEYHAN,1968,9,24.4
17960,CEYHAN,1968,10,20.5
17960,CEYHAN,1968,11,15.1
17960,CEYHAN,1968,12,11.2
17960,CEYHAN,1968,13,18.4
17960,CEYHAN,1970,1,10.1
17960,CEYHAN,1970,2,11.4
17960,CEYHAN,1970,3,13.9
17960,CEYHAN,1970,4,18.4
17960,CEYHAN,1970,5,20.3
17960,CEYHAN,1970,6,25.3
17960,CEYHAN,1970,7,27.7
17960,CEYHAN,1970,8,28.4
17960,CEYHAN,1970,9,25.3
17960,CEYHAN,1970,10,19.4
17960,CEYHAN,1970,11,16.4
17960,CEYHAN,1970,12,9.0
17960,CEYHAN,1970,13,18.8
17960,CEYHAN,1971,1,10.8
17960,CEYHAN,1971,2,9.6
17960,CEYHAN,1971,3,13.3
17960,CEYHAN,1971,4,15.5
17960,CEYHAN,1971,5,23.6
17960,CEYHAN,1971,6,25.3
17960,CEYHAN,1971,7,27.6
17960,CEYHAN,1971,8,27.8
17960,CEYHAN,1971,9,26.3
17960,CEYHAN,1971,10,19.6
17960,CEYHAN,1971,11,14.8
17960,CEYHAN,1972,1,6.4
17960,CEYHAN,1972,2,7.9
17960,CEYHAN,1972,3,13.2
17960,CEYHAN,1972,4,18.8
17960,CEYHAN,1972,5,20.9
17960,CEYHAN,1972,6,24.5
17960,CEYHAN,1972,7,26.5
17960,CEYHAN,1972,8,27.4
17960,CEYHAN,1972,9,25.5
17960,CEYHAN,1972,10,21.4
17960,CEYHAN,1972,11,13.8
17960,CEYHAN,1972,12,8.4
17960,CEYHAN,1972,13,17.2
17960,CEYHAN,1973,1,7.5
17960,CEYHAN,1973,2,11.2
17960,CEYHAN,1973,3,12.3
17960,CEYHAN,1973,4,16.4
17960,CEYHAN,1973,5,21.9
17960,CEYHAN,1973,6,24.8
17960,CEYHAN,1973,7,28.1
17960,CEYHAN,1973,8,28.7
17960,CEYHAN,1973,9,26.8
17960,CEYHAN,1973,10,22.1
17960,CEYHAN,1973,11,12.4
17960,CEYHAN,1973,12,9.8
17960,CEYHAN,1973,13,18.5
17960,CEYHAN,1974,1,7.4
17960,CEYHAN,1974,2,10.3
17960,CEYHAN,1974,3,14.9
17960,CEYHAN,1974,4,16.3
17960,CEYHAN,1974,5,20.9
17960,CEYHAN,1974,6,25.5
17960,CEYHAN,1974,7,28.5
17960,CEYHAN,1974,8,27.4
17960,CEYHAN,1974,9,25.1
17960,CEYHAN,1974,10,22.8
17960,CEYHAN,1974,11,16.4
17960,CEYHAN,1974,12,10.1
17960,CEYHAN,1974,13,18.9
17960,CEYHAN,1975,1,7.6
17960,CEYHAN,1975,2,8.2
17960,CEYHAN,1975,3,12.9
17960,CEYHAN,1975,4,17.6
17960,CEYHAN,1975,5,20.1
17960,CEYHAN,1975,6,24.2
17960,CEYHAN,1975,7,27.4
17960,CEYHAN,1975,8,27.1
17960,CEYHAN,1975,9,25.6
17960,CEYHAN,1975,10,20.0
17960,CEYHAN,1975,11,13.2
17960,CEYHAN,1975,12,7.4
17960,CEYHAN,1975,13,17.6
17960,CEYHAN,1976,1,8.1
17960,CEYHAN,1976,2,6.9
17960,CEYHAN,1976,3,11.6
17960,CEYHAN,1976,4,14.7
17960,CEYHAN,1976,5,19.4
17960,CEYHAN,1976,6,23.3
17960,CEYHAN,1976,7,25.9
17960,CEYHAN,1976,8,26.1
17960,CEYHAN,1976,9,23.4
17960,CEYHAN,1976,10,20.1
17960,CEYHAN,1976,11,14.8
17960,CEYHAN,1976,12,10.2
17960,CEYHAN,1976,13,17.1
17960,CEYHAN,1977,1,6.5
17960,CEYHAN,1977,2,11.9
17960,CEYHAN,1977,3,11.9
17960,CEYHAN,1977,4,16.3
17960,CEYHAN,1977,5,21.5
17960,CEYHAN,1977,6,24.4
17960,CEYHAN,1977,7,27.3
17960,CEYHAN,1977,8,27.9
17960,CEYHAN,1977,9,24.5
17960,CEYHAN,1977,10,17.9
17960,CEYHAN,1977,11,14.5
17960,CEYHAN,1977,12,8.5
17960,CEYHAN,1977,13,17.8
17960,CEYHAN,1978,1,9.0
17960,CEYHAN,1978,2,10.8
17960,CEYHAN,1978,3,12.5
17960,CEYHAN,1978,4,15.2
17960,CEYHAN,1978,5,20.9
17960,CEYHAN,1978,6,23.9
17960,CEYHAN,1978,7,28.5
17960,CEYHAN,1978,8,26.8
17960,CEYHAN,1978,9,24.1
17960,CEYHAN,1978,10,21.0
17960,CEYHAN,1978,11,11.7
17960,CEYHAN,1978,12,10.4
17960,CEYHAN,1978,13,17.9
17960,CEYHAN,1979,1,8.7
17960,CEYHAN,1979,2,11.1
17960,CEYHAN,1979,3,12.6
17960,CEYHAN,1979,4,16.1
17960,CEYHAN,1979,5,20.1
17960,CEYHAN,1979,6,24.4
17960,CEYHAN,1979,7,26.8
17960,CEYHAN,1979,8,26.8
17960,CEYHAN,1979,9,25.2
17960,CEYHAN,1979,10,20.1
17960,CEYHAN,1979,11,15.4
17960,CEYHAN,1979,12,9.1
17960,CEYHAN,1979,13,18.1
17960,CEYHAN,1980,1,5.9
17960,CEYHAN,1980,2,8.2
17960,CEYHAN,1980,3,11.5
17960,CEYHAN,1980,4,15.7
17960,CEYHAN,1980,5,19.7
17960,CEYHAN,1980,6,24.6
17960,CEYHAN,1980,7,27.0
17960,CEYHAN,1980,8,27.1
17960,CEYHAN,1980,9,24.0
17960,CEYHAN,1980,10,20.0
17960,CEYHAN,1980,11,14.2
17960,CEYHAN,1980,12,10.4
17960,CEYHAN,1980,13,17.4
17960,CEYHAN,1981,1,8.4
17960,CEYHAN,1981,2,9.3
17960,CEYHAN,1981,3,13.7
17960,CEYHAN,1981,4,15.7
17960,CEYHAN,1981,5,18.7
17960,CEYHAN,1981,6,24.9
17960,CEYHAN,1981,7,27.9
17960,CEYHAN,1981,8,28.5
17960,CEYHAN,1981,9,25.8
17960,CEYHAN,1981,10,21.6
17960,CEYHAN,1981,11,12.3
17960,CEYHAN,1981,12,11.7
17960,CEYHAN,1981,13,18.3
17960,CEYHAN,1982,1,8.5
17960,CEYHAN,1982,2,7.0
17960,CEYHAN,1982,3,10.2
17960,CEYHAN,1982,4,16.5
17960,CEYHAN,1982,5,19.8
17960,CEYHAN,1982,6,24.2
17960,CEYHAN,1982,7,26.2
17960,CEYHAN,1982,8,27.0
17960,CEYHAN,1982,9,25.1
17960,CEYHAN,1982,10,19.0
17960,CEYHAN,1982,11,11.6
17960,CEYHAN,1982,12,7.4
17960,CEYHAN,1982,13,16.9
17960,CEYHAN,1983,1,4.6
17960,CEYHAN,1983,2,6.9
17960,CEYHAN,1983,3,10.6
17960,CEYHAN,1983,4,14.9
17960,CEYHAN,1983,5,19.8
17960,CEYHAN,1983,6,23.2
17960,CEYHAN,1983,7,26.9
17960,CEYHAN,1983,8,27.0
17960,CEYHAN,1983,9,23.9
17960,CEYHAN,1983,10,18.9
17960,CEYHAN,1983,11,15.0
17960,CEYHAN,1983,12,9.6
17960,CEYHAN,1983,13,16.8
17960,CEYHAN,1984,1,9.1
17960,CEYHAN,1984,2,10.3
17960,CEYHAN,1984,3,13.1
17960,CEYHAN,1984,4,14.8
17960,CEYHAN,1984,5,20.5
17960,CEYHAN,1984,6,24.4
17960,CEYHAN,1984,7,26.9
17960,CEYHAN,1984,8,25.4
17960,CEYHAN,1984,9,25.0
17960,CEYHAN,1984,10,20.4
17960,CEYHAN,1984,11,13.3
17960,CEYHAN,1984,12,6.9
17960,CEYHAN,1984,13,17.5
17960,CEYHAN,1985,1,9.0
17960,CEYHAN,1985,2,5.7
17960,CEYHAN,1985,3,10.8
17960,CEYHAN,1985,4,16.7
17960,CEYHAN,1985,5,21.6
17960,CEYHAN,1985,6,24.3
17960,CEYHAN,1985,7,26.5
17960,CEYHAN,1985,8,28.2
17960,CEYHAN,1985,9,25.0
17960,CEYHAN,1985,10,17.7
17960,CEYHAN,1985,11,15.1
17960,CEYHAN,1985,12,8.9
17960,CEYHAN,1985,13,17.5
17960,CEYHAN,1986,1,8.6
17960,CEYHAN,1986,2,10.1
17960,CEYHAN,1986,3,12.5
17960,CEYHAN,1986,4,18.1
17960,CEYHAN,1986,5,18.4
17960,CEYHAN,1986,6,24.0
17960,CEYHAN,1986,7,26.8
17960,CEYHAN,1986,8,27.9
17960,CEYHAN,1986,9,25.4
17960,CEYHAN,1986,10,19.8
17960,CEYHAN,1986,11,11.4
17960,CEYHAN,1986,12,8.8
17960,CEYHAN,1986,13,17.7
17960,CEYHAN,1987,1,9.1
17960,CEYHAN,1987,2,11.2
17960,CEYHAN,1987,3,9.2
17960,CEYHAN,1987,4,15.0
17960,CEYHAN,1987,5,19.0
17960,CEYHAN,1987,6,23.9
17960,CEYHAN,1987,7,26.9
17960,CEYHAN,1987,8,27.0
17960,CEYHAN,1987,9,24.7
17960,CEYHAN,1987,10,19.0
17960,CEYHAN,1987,11,12.8
17960,CEYHAN,1987,12,9.1
17960,CEYHAN,1987,13,17.3
17960,CEYHAN,1988,1,7.7
17960,CEYHAN,1988,2,9.3
17960,CEYHAN,1988,3,10.6
17960,CEYHAN,1988,4,16.1
17960,CEYHAN,1988,5,20.8
17960,CEYHAN,1988,6,23.8
17960,CEYHAN,1988,7,28.9
17960,CEYHAN,1988,8,27.9
17960,CEYHAN,1988,9,24.7
17960,CEYHAN,1988,10,18.4
17960,CEYHAN,1988,11,10.8
17960,CEYHAN,1988,12,9.5
17960,CEYHAN,1988,13,17.4
17960,CEYHAN,1989,1,5.9
17960,CEYHAN,1989,2,8.7
17960,CEYHAN,1989,3,13.3
17960,CEYHAN,1989,4,19.6
17960,CEYHAN,1989,5,21.8
17960,CEYHAN,1989,6,24.0
17960,CEYHAN,1989,7,27.3
17960,CEYHAN,1989,8,27.3
17960,CEYHAN,1989,9,24.5
17960,CEYHAN,1989,10,18.7
17960,CEYHAN,1989,11,14.0
17960,CEYHAN,1989,12,8.7
17960,CEYHAN,1989,13,17.9
17960,CEYHAN,1990,1,5.9
17960,CEYHAN,1990,2,8.6
17960,CEYHAN,1990,3,12.3
17960,CEYHAN,1990,4,16.0
17960,CEYHAN,1990,5,20.3
17960,CEYHAN,1990,6,24.5
17960,CEYHAN,1990,7,27.5
17960,CEYHAN,1990,8,27.1
17960,CEYHAN,1990,9,24.8
17960,CEYHAN,1990,10,21.1
17960,CEYHAN,1990,11,15.3
17960,CEYHAN,1990,12,10.1
17960,CEYHAN,1990,13,17.8
17960,CEYHAN,1991,1,7.3
17960,CEYHAN,1991,2,7.4
17960,CEYHAN,1991,3,12.8
17960,CEYHAN,1991,4,15.9
17960,CEYHAN,1991,5,19.1
17960,CEYHAN,1991,6,24.2
17960,CEYHAN,1991,7,27.4
17960,CEYHAN,1991,8,28.1
17960,CEYHAN,1991,9,25.5
17960,CEYHAN,1991,10,21.0
17960,CEYHAN,1991,11,14.1
17960,CEYHAN,1991,12,8.2
17960,CEYHAN,1991,13,17.6
17960,CEYHAN,1992,1,6.1
17960,CEYHAN,1992,2,5.9
17960,CEYHAN,1992,3,10.2
17960,CEYHAN,1992,4,15.8
17960,CEYHAN,1992,5,19.8
17960,CEYHAN,1992,6,23.5
17960,CEYHAN,1992,7,25.8
17960,CEYHAN,1992,8,27.5
17960,CEYHAN,1992,9,23.7
17960,CEYHAN,1992,10,20.4
17960,CEYHAN,1992,11,13.1
17960,CEYHAN,1992,12,7.3
17960,CEYHAN,1992,13,16.6
17960,CEYHAN,1993,1,7.3
17960,CEYHAN,1993,2,7.4
17960,CEYHAN,1993,3,10.9
17960,CEYHAN,1993,4,15.5
17960,CEYHAN,1993,5,18.6
17960,CEYHAN,1993,6,23.9
17960,CEYHAN,1993,7,27.6
17960,CEYHAN,1993,8,27.7
17960,CEYHAN,1993,9,24.5
17960,CEYHAN,1993,10,21.7
17960,CEYHAN,1993,11,11.4
17960,CEYHAN,1993,12,11.4
17960,CEYHAN,1993,13,17.4
17960,CEYHAN,1994,1,10.7
17960,CEYHAN,1994,2,9.4
17960,CEYHAN,1994,3,12.8
17960,CEYHAN,1994,4,18.0
17960,CEYHAN,1994,5,21.0
17960,CEYHAN,1994,6,24.4
17960,CEYHAN,1994,7,26.7
17960,CEYHAN,1994,8,27.2
17960,CEYHAN,1994,9,27.1
17960,CEYHAN,1994,10,22.4
17960,CEYHAN,1994,11,12.7
17960,CEYHAN,1994,12,6.9
17960,CEYHAN,1994,13,18.3
17960,CEYHAN,1995,1,9.0
17960,CEYHAN,1995,2,10.3
17960,CEYHAN,1995,3,12.3
17960,CEYHAN,1995,4,15.2
17960,CEYHAN,1995,5,21.6
17960,CEYHAN,1995,6,25.3
17960,CEYHAN,1995,7,26.8
17960,CEYHAN,1995,8,27.8
17960,CEYHAN,1995,9,24.8
17960,CEYHAN,1995,10,19.6
17960,CEYHAN,1995,11,11.3
17960,CEYHAN,1995,12,8.8
17960,CEYHAN,1995,13,17.8
17960,CEYHAN,1996,1,8.5
17960,CEYHAN,1996,2,10.0
17960,CEYHAN,1996,3,11.5
17960,CEYHAN,1996,4,14.9
17960,CEYHAN,1996,5,22.5
17960,CEYHAN,1996,6,26.1
17960,CEYHAN,1996,7,28.6
17960,CEYHAN,1996,8,28.0
17960,CEYHAN,1996,9,24.8
17960,CEYHAN,1996,10,19.4
17960,CEYHAN,1996,11,15.2
17960,CEYHAN,1996,12,11.9
17960,CEYHAN,1996,13,18.5
17960,CEYHAN,1997,1,8.0
17960,CEYHAN,1997,2,6.8
17960,CEYHAN,1997,3,9.5
17960,CEYHAN,1997,4,13.2
17960,CEYHAN,1997,5,21.2
17960,CEYHAN,1997,6,24.4
17960,CEYHAN,1997,7,27.8
17960,CEYHAN,1997,8,25.9
17960,CEYHAN,1997,9,22.7
17960,CEYHAN,1997,10,19.6
17960,CEYHAN,1997,11,14.2
17960,CEYHAN,1997,12,9.6
17960,CEYHAN,1997,13,17.0
17960,CEYHAN,1998,1,7.4
17960,CEYHAN,1998,2,9.1
17960,CEYHAN,1998,3,11.2
17960,CEYHAN,1998,4,17.1
17960,CEYHAN,1998,5,20.7
17960,CEYHAN,1998,6,25.3
17960,CEYHAN,1998,7,28.1
17960,CEYHAN,1998,8,29.4
17960,CEYHAN,1998,9,25.2
17960,CEYHAN,1998,10,20.9
17960,CEYHAN,1998,11,16.6
17960,CEYHAN,1998,12,10.6
17960,CEYHAN,1998,13,18.5
17960,CEYHAN,1999,1,9.2
17960,CEYHAN,1999,2,9.7
17960,CEYHAN,1999,3,11.7
17960,CEYHAN,1999,4,16.0
17960,CEYHAN,1999,5,21.9
17960,CEYHAN,1999,6,24.7
17960,CEYHAN,1999,7,28.3
17960,CEYHAN,1999,8,28.5
17960,CEYHAN,1999,9,24.2
17960,CEYHAN,1999,10,21.2
17960,CEYHAN,1999,11,14.1
17960,CEYHAN,1999,12,10.7
17960,CEYHAN,1999,13,18.4
17960,CEYHAN,2000,1,6.5
17960,CEYHAN,2000,2,7.9
17960,CEYHAN,2000,3,10.5
17960,CEYHAN,2000,4,17.0
17960,CEYHAN,2000,5,20.1
17960,CEYHAN,2000,6,25.9
17960,CEYHAN,2000,7,28.9
17960,CEYHAN,2000,8,28.1
17960,CEYHAN,2000,9,24.5
17960,CEYHAN,2000,10,18.9
17960,CEYHAN,2000,11,14.2
17960,CEYHAN,2000,12,9.7
17960,CEYHAN,2000,13,17.7
17960,CEYHAN,2001,1,9.4
17960,CEYHAN,2001,2,9.8
17960,CEYHAN,2001,3,15.2
17960,CEYHAN,2001,4,17.2
17960,CEYHAN,2001,5,20.8
17960,CEYHAN,2001,6,26.0
17960,CEYHAN,2001,7,28.3
17960,CEYHAN,2001,8,28.4
17960,CEYHAN,2001,9,25.4
17960,CEYHAN,2001,10,20.6
17960,CEYHAN,2001,11,13.0
17960,CEYHAN,2001,12,9.9
17960,CEYHAN,2001,13,18.7
17960,CEYHAN,2002,1,6.9
17960,CEYHAN,2002,2,11.2
17960,CEYHAN,2002,3,13.4
17960,CEYHAN,2002,4,15.6
17960,CEYHAN,2002,5,20.1
17960,CEYHAN,2002,6,25.5
17960,CEYHAN,2002,7,28.1
17960,CEYHAN,2002,8,27.0
17960,CEYHAN,2002,9,24.4
17960,CEYHAN,2002,10,21.3
17960,CEYHAN,2002,11,15.1
17960,CEYHAN,2002,12,7.5
17960,CEYHAN,2002,13,18.0
17960,CEYHAN,2003,1,9.9
17960,CEYHAN,2003,2,7.2
17960,CEYHAN,2003,3,10.2
17960,CEYHAN,2003,4,15.6
17960,CEYHAN,2003,5,22.8
17960,CEYHAN,2003,6,25.1
17960,CEYHAN,2003,7,28.4
17960,CEYHAN,2003,8,28.6
17960,CEYHAN,2003,9,24.7
17960,CEYHAN,2003,10,21.2
17960,CEYHAN,2003,11,14.1
17960,CEYHAN,2003,12,9.8
17960,CEYHAN,2003,13,18.2
17960,CEYHAN,2004,1,8.6
17960,CEYHAN,2004,2,8.7
17960,CEYHAN,2004,3,13.6
17960,CEYHAN,2004,4,16.0
17960,CEYHAN,2004,5,20.0
17960,CEYHAN,2004,6,25.3
17960,CEYHAN,2004,7,28.5
17960,CEYHAN,2004,8,27.8
17960,CEYHAN,2004,9,25.0
17960,CEYHAN,2004,10,22.2
17960,CEYHAN,2004,11,14.4
17960,CEYHAN,2004,12,7.9
17960,CEYHAN,2004,13,18.2
17960,CEYHAN,2005,1,8.5
17960,CEYHAN,2005,2,9.2
17960,CEYHAN,2005,3,12.9
17960,CEYHAN,2005,4,16.8
17960,CEYHAN,2005,5,20.7
17960,CEYHAN,2005,6,24.1
17960,CEYHAN,2005,7,27.7
17960,CEYHAN,2005,8,28.0
17960,CEYHAN,2005,9,24.5
17960,CEYHAN,2005,10,18.4
17960,CEYHAN,2005,11,12.3
17960,CEYHAN,2005,12,10.5
17960,CEYHAN,2005,13,17.9
17960,CEYHAN,2006,1,7.3
17960,CEYHAN,2006,2,9.4
17960,CEYHAN,2006,3,13.0
17960,CEYHAN,2006,4,17.7
17960,CEYHAN,2006,5,21.1
17960,CEYHAN,2006,6,24.5
17960,CEYHAN,2006,7,26.9
17960,CEYHAN,2006,8,28.7
17960,CEYHAN,2006,9,25.4
17960,CEYHAN,2006,10,21.6
17960,CEYHAN,2006,11,13.0
17960,CEYHAN,2006,12,7.5
17960,CEYHAN,2006,13,18.1
17960,CEYHAN,2007,1,6.9
17960,CEYHAN,2007,2,9.7
17960,CEYHAN,2007,3,11.7
17960,CEYHAN,2007,4,14.6
17960,CEYHAN,2007,5,22.0
17960,CEYHAN,2007,6,26.5
17960,CEYHAN,2007,7,29.4
17960,CEYHAN,2007,8,29.3
17960,CEYHAN,2007,9,25.8
17960,CEYHAN,2007,10,21.8
17960,CEYHAN,2007,11,14.4
17960,CEYHAN,2007,12,8.9
17960,CEYHAN,2007,13,18.5
17960,CEYHAN,2008,1,5.0
17960,CEYHAN,2008,2,8.1
17960,CEYHAN,2008,3,15.4
17960,CEYHAN,2008,4,18.2
17960,CEYHAN,2008,5,20.0
17960,CEYHAN,2008,6,26.4
17960,CEYHAN,2008,7,28.8
17960,CEYHAN,2008,8,27.6
17960,CEYHAN,2008,9,25.5
17960,CEYHAN,2008,10,21.5
17960,CEYHAN,2008,11,17.2
17960,CEYHAN,2008,12,10.7
17960,CEYHAN,2008,13,18.7
17960,CEYHAN,2009,1,10.3
17960,CEYHAN,2009,2,9.8
17960,CEYHAN,2009,3,11.5
17960,CEYHAN,2009,4,16.3
17960,CEYHAN,2009,5,21.1
17960,CEYHAN,2009,6,26.4
17960,CEYHAN,2009,7,27.3
17960,CEYHAN,2009,8,27.6
17960,CEYHAN,2009,9,23.9
17960,CEYHAN,2009,10,22.0
17960,CEYHAN,2009,11,14.0
17960,CEYHAN,2009,12,11.8
17960,CEYHAN,2009,13,18.6
17960,CEYHAN,2010,1,10.6
17960,CEYHAN,2010,2,11.5
17960,CEYHAN,2010,3,14.7
17960,CEYHAN,2010,4,17.5
17960,CEYHAN,2010,5,21.6
17960,CEYHAN,2010,6,25.6
17960,CEYHAN,2010,7,28.0
17960,CEYHAN,2010,8,30.1
17960,CEYHAN,2010,9,27.3
17960,CEYHAN,2010,10,21.4
17960,CEYHAN,2010,11,16.7
17960,CEYHAN,2010,12,11.6
17960,CEYHAN,2010,13,19.8
17960,CEYHAN,2011,1,9.0
17960,CEYHAN,2011,2,10.4
17960,CEYHAN,2011,3,12.9
17960,CEYHAN,2011,4,16.1
17960,CEYHAN,2011,5,20.3
17960,CEYHAN,2011,6,24.9
17960,CEYHAN,2011,7,28.2
17960,CEYHAN,2011,8,28.6
17960,CEYHAN,2011,9,26.2
17960,CEYHAN,2011,10,19.9
17960,CEYHAN,2011,11,11.6
17960,CEYHAN,2011,12,8.6
17960,CEYHAN,2011,13,18.1
17960,CEYHAN,2012,1,7.9
17960,CEYHAN,2012,2,8.2
17960,CEYHAN,2012,3,11.1
17960,CEYHAN,2012,4,18.2
17960,CEYHAN,2012,5,20.9
17960,CEYHAN,2012,6,26.7
17960,CEYHAN,2012,7,29.2
17960,CEYHAN,2012,8,28.9
17960,CEYHAN,2012,9,26.7
17960,CEYHAN,2012,10,21.5
17960,CEYHAN,2012,11,16.1
17960,CEYHAN,2012,12,9.8
17960,CEYHAN,2012,13,18.8
17960,CEYHAN,2013,1,8.7
17960,CEYHAN,2013,2,11.8
17960,CEYHAN,2013,3,13.8
17960,CEYHAN,2013,4,17.9
17960,CEYHAN,2013,5,23.1
17960,CEYHAN,2013,6,25.6
17960,CEYHAN,2013,7,28.2
17960,CEYHAN,2013,8,28.4
17960,CEYHAN,2013,9,25.1
17960,CEYHAN,2013,10,18.9
17960,CEYHAN,2013,11,16.5
17960,CEYHAN,2013,12,8.1
17960,CEYHAN,2013,13,18.9
17960,CEYHAN,2014,1,10.6
17960,CEYHAN,2014,2,11.3
17960,CEYHAN,2014,3,15.2
17960,CEYHAN,2014,4,18.5
17960,CEYHAN,2014,5,21.8
17960,CEYHAN,2014,6,25.0
17960,CEYHAN,2014,7,27.8
17960,CEYHAN,2014,8,28.5
17960,CEYHAN,2014,9,25.3
17960,CEYHAN,2014,10,20.6
17960,CEYHAN,2014,11,13.5
17960,CEYHAN,2014,12,12.0
17960,CEYHAN,2014,13,19.3
17960,CEYHAN,2015,1,8.2
17960,CEYHAN,2015,2,10.7
17960,CEYHAN,2015,3,13.9
17960,CEYHAN,2015,4,16.6
17960,CEYHAN,2015,5,21.9
17960,CEYHAN,2015,6,24.5
17960,CEYHAN,2015,7,27.6
17960,CEYHAN,2015,8,29.3
17960,CEYHAN,2015,9,27.6
17960,CEYHAN,2015,10,22.4
17960,CEYHAN,2015,11,15.9
17960,CEYHAN,2015,12,9.7
17960,CEYHAN,2015,13,19.1
17960,CEYHAN,2016,1,7.6
17960,CEYHAN,2016,2,13.0
17960,CEYHAN,2016,3,14.9
17960,CEYHAN,2016,4,19.8
17960,CEYHAN,2016,5,20.8
17960,CEYHAN,2016,6,26.2
17960,CEYHAN,2016,7,28.8
17960,CEYHAN,2016,8,29.3
17960,CEYHAN,2016,9,25.1
17960,CEYHAN,2016,10,21.9
17960,CEYHAN,2016,11,13.7
17960,CEYHAN,2016,12,7.7
17960,CEYHAN,2016,13,19.0
17960,CEYHAN,2017,1,7.3
17960,CEYHAN,2017,2,9.5
17960,CEYHAN,2017,3,14.2
17960,CEYHAN,2017,4,17.3
17960,CEYHAN,2017,5,20.8
17960,CEYHAN,2017,6,25.2
17960,CEYHAN,2017,7,29.2
17960,CEYHAN,2017,8,29.2
17960,CEYHAN,2017,9,27.1
17960,CEYHAN,2017,10,21.0
17960,CEYHAN,2017,11,14.1
17960,CEYHAN,2017,12,11.0
17960,CEYHAN,2017,13,18.9
17960,CEYHAN,2018,1,9.3
17960,CEYHAN,2018,2,12.3
17960,CEYHAN,2018,3,16.0
17960,CEYHAN,2018,4,19.2
17960,CEYHAN,2018,5,23.3
17960,CEYHAN,2018,6,25.5
17960,CEYHAN,2018,7,28.3
17960,CEYHAN,2018,8,29.0
17960,CEYHAN,2018,9,27.1
17960,CEYHAN,2018,10,21.7
17960,CEYHAN,2018,11,15.3
17960,CEYHAN,2018,12,11.1
17960,CEYHAN,2018,13,19.9
17960,CEYHAN,2019,1,8.7
17960,CEYHAN,2019,2,10.8
17960,CEYHAN,2019,3,13.1
17960,CEYHAN,2019,4,16.3
17960,CEYHAN,2019,5,23.3
17960,CEYHAN,2019,6,26.0
17960,CEYHAN,2019,7,27.1
17960,CEYHAN,2019,8,28.6
17960,CEYHAN,2019,9,26.4
17960,CEYHAN,2019,10,22.9
17960,CEYHAN,2019,11,15.6
17960,CEYHAN,2019,12,10.7
17960,CEYHAN,2019,13,19.2
17960,CEYHAN,2020,1,8.4
17960,CEYHAN,2020,2,9.3
17960,CEYHAN,2020,3,14.4
17960,CEYHAN,2020,4,17.3
17960,CEYHAN,2020,5,22.3
17960,CEYHAN,2020,6,24.1
17960,CEYHAN,2020,7,28.4
17960,CEYHAN,2020,8,28.7
17960,CEYHAN,2020,9,28.5
17960,CEYHAN,2020,10,24.1
17960,CEYHAN,2020,11,14.9
17960,CEYHAN,2020,12,11.1
17960,CEYHAN,2020,13,19.3
17960,CEYHAN,2021,1,9.9
17960,CEYHAN,2021,2,11.6
17960,CEYHAN,2021,3,12.8
17960,CEYHAN,2021,4,17.4
17960,CEYHAN,2021,5,22.9
17960,CEYHAN,2021,6,25.0
17960,CEYHAN,2021,7,29.1
17960,CEYHAN,2021,8,29.3
17960,CEYHAN,2021,9,25.4
17960,CEYHAN,2021,10,21.3
17960,CEYHAN,2021,11,15.7
17960,CEYHAN,2021,12,10.2
17960,CEYHAN,2021,13,19.2
17960,CEYHAN,2022,1,7.9
17960,CEYHAN,2022,2,10.9
17960,CEYHAN,2022,3,10.1
17960,CEYHAN,2022,4,19.1
17960,CEYHAN,2022,5,21.5
17960,CEYHAN,2022,6,25.2
17960,CEYHAN,2022,7,28.0
17960,CEYHAN,2022,8,28.7
17960,CEYHAN,2022,9,26.0
17960,CEYHAN,2022,10,22.2
17960,CEYHAN,2022,11,15.9
17960,CEYHAN,2022,12,12.1
17960,CEYHAN,2022,13,19.0
17960,CEYHAN,2023,1,9.7
17960,CEYHAN,2023,2,8.7
17960,CEYHAN,2023,3,15.0
17960,CEYHAN,2023,4,17.1
17960,CEYHAN,2023,5,21.5
17960,CEYHAN,2023,6,25.1
17960,CEYHAN,2023,7,29.1
17960,CEYHAN,2023,8,30.0
17960,CEYHAN,2023,9,26.9
17960,CEYHAN,2023,10,22.3
17960,CEYHAN,2023,11,17.2
17960,CEYHAN,2023,12,12.0
17960,CEYHAN,2023,13,19.6
17960,CEYHAN,2024,1,10.9
17960,CEYHAN,2024,2,12.2
17960,CEYHAN,2024,3,14.1
17960,CEYHAN,2024,4,20.3
17960,CEYHAN,2024,5,21.1
17960,CEYHAN,2024,6,28.5
17960,CEYHAN,2024,7,29.5
17960,CEYHAN,2024,8,29.8
17960,CEYHAN,2024,9,25.8
17960,CEYHAN,2024,10,21.4
17960,CEYHAN,2024,11,14.6
17960,CEYHAN,2024,12,9.9
17960,CEYHAN,2024,13,19.0
17960,CEYHAN,2025,1,10.0
17960,CEYHAN,2025,2,10.3
18258,ALADAĞ,2014,2,19.4
18258,ALADAĞ,2014,3,10.5
18258,ALADAĞ,2014,4,12.9
18258,ALADAĞ,2014,5,16.2
18258,ALADAĞ,2014,6,20.5
18258,ALADAĞ,2014,7,24.8
18258,ALADAĞ,2014,8,25.9
18258,ALADAĞ,2014,9,20.1
18258,ALADAĞ,2014,10,15.0
18258,ALADAĞ,2014,11,8.3
18258,ALADAĞ,2014,12,7.0
18258,ALADAĞ,2014,13,16.1
18258,ALADAĞ,2015,1,2.7
18258,ALADAĞ,2015,2,3.8
18258,ALADAĞ,2015,3,7.8
18258,ALADAĞ,2015,4,10.7
18258,ALADAĞ,2015,5,16.9
18258,ALADAĞ,2015,6,19.4
18258,ALADAĞ,2015,7,24.9
18258,ALADAĞ,2015,8,25.3
18258,ALADAĞ,2015,9,23.6
18258,ALADAĞ,2015,10,16.4
18258,ALADAĞ,2015,11,10.2
18258,ALADAĞ,2015,12,5.1
18258,ALADAĞ,2015,13,14.0
18258,ALADAĞ,2016,1,1.6
18258,ALADAĞ,2016,2,7.8
18258,ALADAĞ,2016,3,9.0
18258,ALADAĞ,2016,4,14.8
18258,ALADAĞ,2016,5,15.7
18258,ALADAĞ,2016,6,22.5
18258,ALADAĞ,2016,7,26.0
18258,ALADAĞ,2016,8,25.8
18258,ALADAĞ,2016,9,20.1
18258,ALADAĞ,2016,10,16.5
18258,ALADAĞ,2016,11,8.6
18258,ALADAĞ,2016,12,1.7
18258,ALADAĞ,2016,13,14.2
18258,ALADAĞ,2017,1,0.8
18258,ALADAĞ,2017,2,3.3
18258,ALADAĞ,2017,3,8.3
18258,ALADAĞ,2017,4,12.9
18258,ALADAĞ,2017,5,16.1
18258,ALADAĞ,2017,6,21.5
18258,ALADAĞ,2017,7,26.8
18258,ALADAĞ,2017,8,25.5
18258,ALADAĞ,2017,9,23.1
18258,ALADAĞ,2017,10,15.3
18258,ALADAĞ,2017,11,8.6
18258,ALADAĞ,2017,12,6.8
18258,ALADAĞ,2017,13,14.3
18258,ALADAĞ,2018,1,3.8
18258,ALADAĞ,2018,2,7.1
18258,ALADAĞ,2018,3,10.7
18258,ALADAĞ,2018,4,15.6
18258,ALADAĞ,2018,5,17.5
18258,ALADAĞ,2018,6,20.5
18258,ALADAĞ,2018,7,24.0
18258,ALADAĞ,2018,8,25.2
18258,ALADAĞ,2018,9,22.4
18258,ALADAĞ,2018,10,16.2
18258,ALADAĞ,2018,11,10.5
18258,ALADAĞ,2018,12,5.6
18258,ALADAĞ,2018,13,15.0
18258,ALADAĞ,2019,1,2.7
18258,ALADAĞ,2019,2,5.4
18258,ALADAĞ,2019,3,7.9
18258,ALADAĞ,2019,4,10.7
18258,ALADAĞ,2019,5,18.4
18258,ALADAĞ,2019,6,22.3
18258,ALADAĞ,2019,7,24.0
18258,ALADAĞ,2019,8,25.1
18258,ALADAĞ,2019,9,21.1
18258,ALADAĞ,2019,10,17.7
18258,ALADAĞ,2019,11,10.7
18258,ALADAĞ,2019,12,5.9
18258,ALADAĞ,2019,13,14.4
18258,ALADAĞ,2020,1,2.9
18258,ALADAĞ,2020,2,4.3
18258,ALADAĞ,2020,3,9.0
18258,ALADAĞ,2020,4,12.5
18258,ALADAĞ,2020,5,17.6
18258,ALADAĞ,2020,6,20.2
18258,ALADAĞ,2020,7,26.3
18258,ALADAĞ,2020,8,25.3
18258,ALADAĞ,2020,9,24.7
18258,ALADAĞ,2020,10,18.7
18258,ALADAĞ,2020,11,10.0
18258,ALADAĞ,2020,12,6.2
18258,ALADAĞ,2020,13,14.9
18258,ALADAĞ,2021,1,4.7
18258,ALADAĞ,2021,2,6.2
18258,ALADAĞ,2021,3,7.5
18258,ALADAĞ,2021,4,12.9
18258,ALADAĞ,2021,5,19.4
18258,ALADAĞ,2021,6,20.7
18258,ALADAĞ,2021,7,26.2
18258,ALADAĞ,2021,8,26.1
18258,ALADAĞ,2021,9,21.1
18258,ALADAĞ,2021,10,16.1
18258,ALADAĞ,2021,11,11.2
18258,ALADAĞ,2021,12,4.6
18258,ALADAĞ,2021,13,14.8
18258,ALADAĞ,2022,1,1.3
18258,ALADAĞ,2022,2,4.6
18258,ALADAĞ,2022,3,4.2
18258,ALADAĞ,2022,4,14.7
18258,ALADAĞ,2022,5,16.7
18258,ALADAĞ,2022,6,21.5
18258,ALADAĞ,2022,7,25.8
18258,ALADAĞ,2022,8,25.8
18258,ALADAĞ,2022,9,22.2
18258,ALADAĞ,2022,10,16.8
18258,ALADAĞ,2022,11,10.9
18258,ALADAĞ,2022,12,7.4
18258,ALADAĞ,2022,13,14.4
18258,ALADAĞ,2023,1,5.1
18258,ALADAĞ,2023,2,3.1
18258,ALADAĞ,2023,3,9.5
18258,ALADAĞ,2023,4,11.3
18258,ALADAĞ,2023,5,16.3
18258,ALADAĞ,2023,6,20.5
18258,ALADAĞ,2023,7,26.3
18258,ALADAĞ,2023,8,27.0
18258,ALADAĞ,2023,9,22.6
18258,ALADAĞ,2023,10,16.5
18258,ALADAĞ,2023,11,11.1
18258,ALADAĞ,2023,12,7.6
18258,ALADAĞ,2023,13,14.8
18258,ALADAĞ,2024,1,5.7
18258,ALADAĞ,2024,2,7.3
18258,ALADAĞ,2024,3,9.2
18258,ALADAĞ,2024,4,16.7
18258,ALADAĞ,2024,5,16.4
18258,ALADAĞ,2024,6,25.9
18258,ALADAĞ,2024,7,26.0
18258,ALADAĞ,2024,8,25.9
18258,ALADAĞ,2024,9,20.8
18258,ALADAĞ,2024,10,16.3
18258,ALADAĞ,2024,11,9.6
18258,ALADAĞ,2024,12,5.2
18258,ALADAĞ,2024,13,15.4
18258,ALADAĞ,2025,1,5.8
18258,ALADAĞ,2025,2,6.1
18268,ÇUKUROVA,2014,2,19.1
18268,ÇUKUROVA,2014,3,15.4
18268,ÇUKUROVA,2014,4,18.0
18268,ÇUKUROVA,2014,5,20.9
18268,ÇUKUROVA,2014,6,24.3
18268,ÇUKUROVA,2014,7,27.4
18268,ÇUKUROVA,2014,8,28.4
18268,ÇUKUROVA,2014,9,25.2
18268,ÇUKUROVA,2014,10,20.2
18268,ÇUKUROVA,2014,11,14.8
18268,ÇUKUROVA,2014,12,12.6
18268,ÇUKUROVA,2014,13,20.7
18268,ÇUKUROVA,2015,1,8.6
18268,ÇUKUROVA,2015,2,10.2
18268,ÇUKUROVA,2015,3,13.7
18268,ÇUKUROVA,2015,4,15.9
18268,ÇUKUROVA,2015,5,21.7
18268,ÇUKUROVA,2015,6,24.1
18268,ÇUKUROVA,2015,7,27.5
18268,ÇUKUROVA,2015,8,29.1
18268,ÇUKUROVA,2015,9,27.2
18268,ÇUKUROVA,2015,10,22.3
18268,ÇUKUROVA,2015,11,17.0
18268,ÇUKUROVA,2015,12,11.4
18268,ÇUKUROVA,2015,13,19.1
18268,ÇUKUROVA,2016,1,7.8
18268,ÇUKUROVA,2016,2,13.3
18268,ÇUKUROVA,2016,3,14.8
18268,ÇUKUROVA,2016,4,19.8
18268,ÇUKUROVA,2016,5,20.5
18268,ÇUKUROVA,2016,6,26.2
18268,ÇUKUROVA,2016,7,28.5
18268,ÇUKUROVA,2016,8,28.9
18268,ÇUKUROVA,2016,9,25.0
18268,ÇUKUROVA,2016,10,22.4
18268,ÇUKUROVA,2016,11,15.4
18268,ÇUKUROVA,2016,12,8.4
18268,ÇUKUROVA,2016,13,19.2
18268,ÇUKUROVA,2017,1,7.7
18268,ÇUKUROVA,2017,2,10.0
18268,ÇUKUROVA,2017,3,15.1
18268,ÇUKUROVA,2017,4,17.5
18268,ÇUKUROVA,2017,5,20.8
18268,ÇUKUROVA,2017,6,25.1
18268,ÇUKUROVA,2017,7,29.4
18268,ÇUKUROVA,2017,8,28.8
18268,ÇUKUROVA,2017,9,26.6
18268,ÇUKUROVA,2017,10,23.0
18268,ÇUKUROVA,2017,11,15.1
18268,ÇUKUROVA,2017,12,12.6
18268,ÇUKUROVA,2017,13,19.4
18268,ÇUKUROVA,2018,1,9.5
18268,ÇUKUROVA,2018,2,12.9
18268,ÇUKUROVA,2018,3,16.6
18268,ÇUKUROVA,2018,4,18.9
18268,ÇUKUROVA,2018,5,23.3
18268,ÇUKUROVA,2018,6,25.4
18268,ÇUKUROVA,2018,7,28.0
18268,ÇUKUROVA,2018,8,28.6
18268,ÇUKUROVA,2018,9,27.4
18268,ÇUKUROVA,2018,10,22.2
18268,ÇUKUROVA,2018,11,15.5
18268,ÇUKUROVA,2018,12,11.5
18268,ÇUKUROVA,2018,13,20.2
18268,ÇUKUROVA,2019,1,8.9
18268,ÇUKUROVA,2019,2,10.9
18268,ÇUKUROVA,2019,3,13.1
18268,ÇUKUROVA,2019,4,16.5
18268,ÇUKUROVA,2019,5,23.3
18268,ÇUKUROVA,2019,6,26.0
18268,ÇUKUROVA,2019,7,27.4
18268,ÇUKUROVA,2019,8,28.5
18268,ÇUKUROVA,2019,9,26.1
18268,ÇUKUROVA,2019,10,23.3
18268,ÇUKUROVA,2019,11,17.7
18268,ÇUKUROVA,2019,12,11.4
18268,ÇUKUROVA,2019,13,19.5
18268,ÇUKUROVA,2020,1,9.0
18268,ÇUKUROVA,2020,2,9.6
18268,ÇUKUROVA,2020,3,14.4
18268,ÇUKUROVA,2020,4,17.9
18268,ÇUKUROVA,2020,5,22.4
18268,ÇUKUROVA,2020,6,24.0
18268,ÇUKUROVA,2020,7,28.8
18268,ÇUKUROVA,2020,8,29.2
18268,ÇUKUROVA,2020,9,29.1
18268,ÇUKUROVA,2020,10,24.9
18268,ÇUKUROVA,2020,11,16.8
18268,ÇUKUROVA,2020,12,13.2
18268,ÇUKUROVA,2020,13,20.0
18268,ÇUKUROVA,2021,1,11.6
18268,ÇUKUROVA,2021,2,12.7
18268,ÇUKUROVA,2021,3,13.4
18268,ÇUKUROVA,2021,4,18.0
18268,ÇUKUROVA,2021,5,23.5
18268,ÇUKUROVA,2021,6,25.4
18268,ÇUKUROVA,2021,7,29.5
18268,ÇUKUROVA,2021,8,29.9
18268,ÇUKUROVA,2021,9,26.1
18268,ÇUKUROVA,2021,10,22.4
18268,ÇUKUROVA,2021,11,17.8
18268,ÇUKUROVA,2021,12,11.7
18268,ÇUKUROVA,2021,13,20.2
18268,ÇUKUROVA,2022,1,8.4
18268,ÇUKUROVA,2022,2,11.5
18268,ÇUKUROVA,2022,3,10.3
18268,ÇUKUROVA,2022,4,19.6
18268,ÇUKUROVA,2022,5,22.2
18268,ÇUKUROVA,2022,6,25.7
18268,ÇUKUROVA,2022,7,28.7
18268,ÇUKUROVA,2022,8,29.2
18268,ÇUKUROVA,2022,9,26.7
18268,ÇUKUROVA,2022,10,23.1
18268,ÇUKUROVA,2022,11,17.4
18268,ÇUKUROVA,2022,12,13.9
18268,ÇUKUROVA,2022,13,19.8
18268,ÇUKUROVA,2023,1,11.8
18268,ÇUKUROVA,2023,2,9.8
18268,ÇUKUROVA,2023,3,15.3
18268,ÇUKUROVA,2023,4,17.3
18268,ÇUKUROVA,2023,5,21.8
18268,ÇUKUROVA,2023,6,25.4
18268,ÇUKUROVA,2023,7,29.8
18268,ÇUKUROVA,2023,8,30.3
18268,ÇUKUROVA,2023,9,27.2
18268,ÇUKUROVA,2023,10,23.4
18268,ÇUKUROVA,2023,11,18.2
18268,ÇUKUROVA,2023,12,13.9
18268,ÇUKUROVA,2023,13,20.4
18268,ÇUKUROVA,2024,1,11.9
18268,ÇUKUROVA,2024,2,13.3
18268,ÇUKUROVA,2024,3,14.8
18268,ÇUKUROVA,2024,4,21.3
18268,ÇUKUROVA,2024,5,21.8
18268,ÇUKUROVA,2024,6,29.8
18268,ÇUKUROVA,2024,7,30.3
18268,ÇUKUROVA,2024,8,30.0
18268,ÇUKUROVA,2024,9,26.8
18268,ÇUKUROVA,2024,10,22.6
18268,ÇUKUROVA,2024,11,16.2
18268,ÇUKUROVA,2024,12,11.9
18268,ÇUKUROVA,2024,13,20.9
18268,ÇUKUROVA,2025,1,12.3
18268,ÇUKUROVA,2025,2,12.1
19374,Kepez,2020,12,14.0
19374,Kepez,2021,1,12.2
19374,Kepez,2021,2,13.5
19374,Kepez,2021,3,13.5
19374,Kepez,2021,4,17.9
19374,Kepez,2021,5,24.7
19374,Kepez,2021,6,26.2
19374,Kepez,2021,7,32.8
19374,Kepez,2021,8,32.7
19374,Kepez,2021,9,27.3
19374,Kepez,2021,10,22.5
19374,Kepez,2021,11,19.0
19374,Kepez,2021,12,12.6
19374,Kepez,2021,13,21.3
19374,Kepez,2022,1,9.5
19374,Kepez,2022,2,11.9
19374,Kepez,2022,3,10.8
19374,Kepez,2022,4,19.2
19374,Kepez,2022,5,24.0
19374,Kepez,2022,6,27.3
19374,Kepez,2022,7,32.6
19374,Kepez,2022,8,29.6
19374,Kepez,2022,9,27.5
19374,Kepez,2022,10,23.8
19374,Kepez,2022,11,18.4
19374,Kepez,2022,12,14.9
19374,Kepez,2022,13,20.8
19374,Kepez,2023,1,12.9
19374,Kepez,2023,2,10.7
19374,Kepez,2023,3,15.3
19374,Kepez,2023,4,17.0
19374,Kepez,2023,5,21.3
19374,Kepez,2023,6,26.2
19374,Kepez,2023,7,33.1
19374,Kepez,2023,8,30.3
19374,Kepez,2023,9,28.2
19374,Kepez,2023,10,24.8
19374,Kepez,2023,11,18.3
19374,Kepez,2023,12,14.8
19374,Kepez,2023,13,21.1
19374,Kepez,2024,1,13.4
19374,Kepez,2024,2,13.8
19374,Kepez,2024,3,15.6
19374,Kepez,2024,4,22.8
19374,Kepez,2024,5,23.1
19374,Kepez,2024,6,31.6
19374,Kepez,2024,7,33.1
19374,Kepez,2024,8,31.4
19374,Kepez,2024,9,27.6
19374,Kepez,2024,10,22.8
19374,Kepez,2024,11,17.0
19374,Kepez,2024,12,13.0
19374,Kepez,2024,13,22.1
19374,Kepez,2025,1,13.6
19374,Kepez,2025,2,13.8
